0 verbose cli /home/dev/.config/nvm/versions/node/v24.16.0/bin/node /home/dev/.config/nvm/versions/node/v24.16.0/bin/npm
1 info using npm@11.13.0
2 info using node@v24.16.0
3 silly config load:file:/home/dev/.config/nvm/versions/node/v24.16.0/lib/node_modules/npm/npmrc
4 silly config load:file:/home/dev/aic-notes/.npmrc
5 silly config load:file:/home/dev/.npmrc
6 silly config load:file:/home/dev/.config/nvm/versions/node/v24.16.0/etc/npmrc
7 verbose title npm install
8 verbose argv "install"
9 verbose logfile logs-max:10 dir:/home/dev/aic-notes/.npm-cache/_logs/2026-07-03T13_48_09_039Z-
10 verbose logfile /home/dev/aic-notes/.npm-cache/_logs/2026-07-03T13_48_09_039Z-debug-0.log
11 silly logfile done cleaning log files
12 silly packumentCache heap:4496293888 maxSize:1124073472 maxEntrySize:562036736
13 silly idealTree buildDeps
14 silly fetch manifest @codemirror/commands@^6.10.3
15 silly packumentCache full:https://registry.npmjs.org/@codemirror%2fcommands cache-miss
16 http fetch GET 200 https://registry.npmjs.org/@codemirror%2fcommands 209ms (cache miss)
17 silly packumentCache full:https://registry.npmjs.org/@codemirror%2fcommands set size:undefined disposed:false
18 silly fetch manifest @codemirror/language@^6.12.3
19 silly packumentCache full:https://registry.npmjs.org/@codemirror%2flanguage cache-miss
20 http fetch GET 200 https://registry.npmjs.org/npm 300ms
21 http fetch GET 200 https://registry.npmjs.org/@codemirror%2flanguage 78ms (cache miss)
22 silly packumentCache full:https://registry.npmjs.org/@codemirror%2flanguage set size:undefined disposed:false
23 silly fetch manifest @codemirror/search@^6.5.8
24 silly packumentCache full:https://registry.npmjs.org/@codemirror%2fsearch cache-miss
25 http fetch GET 200 https://registry.npmjs.org/@codemirror%2fsearch 74ms (cache miss)
26 silly packumentCache full:https://registry.npmjs.org/@codemirror%2fsearch set size:undefined disposed:false
27 silly fetch manifest @codemirror/state@^6.6.0
28 silly packumentCache full:https://registry.npmjs.org/@codemirror%2fstate cache-miss
29 http fetch GET 200 https://registry.npmjs.org/@codemirror%2fstate 67ms (cache miss)
30 silly packumentCache full:https://registry.npmjs.org/@codemirror%2fstate set size:undefined disposed:false
31 silly fetch manifest @codemirror/view@^6.43.1
32 silly packumentCache full:https://registry.npmjs.org/@codemirror%2fview cache-miss
33 http fetch GET 200 https://registry.npmjs.org/@codemirror%2fview 99ms (cache miss)
34 silly packumentCache full:https://registry.npmjs.org/@codemirror%2fview set size:undefined disposed:false
35 silly fetch manifest @lezer/common@^1.5.2
36 silly packumentCache full:https://registry.npmjs.org/@lezer%2fcommon cache-miss
37 http fetch GET 200 https://registry.npmjs.org/@lezer%2fcommon 89ms (cache miss)
38 silly packumentCache full:https://registry.npmjs.org/@lezer%2fcommon set size:undefined disposed:false
39 silly fetch manifest @lezer/highlight@^1.2.3
40 silly packumentCache full:https://registry.npmjs.org/@lezer%2fhighlight cache-miss
41 http fetch GET 200 https://registry.npmjs.org/@lezer%2fhighlight 74ms (cache miss)
42 silly packumentCache full:https://registry.npmjs.org/@lezer%2fhighlight set size:undefined disposed:false
43 silly fetch manifest @lezer/markdown@^1.6.4
44 silly packumentCache full:https://registry.npmjs.org/@lezer%2fmarkdown cache-miss
45 http fetch GET 200 https://registry.npmjs.org/@lezer%2fmarkdown 432ms (cache miss)
46 silly packumentCache full:https://registry.npmjs.org/@lezer%2fmarkdown set size:undefined disposed:false
47 silly fetch manifest @types/vscode@^1.90.0
48 silly packumentCache full:https://registry.npmjs.org/@types%2fvscode cache-miss
49 http fetch GET 200 https://registry.npmjs.org/@types%2fvscode 486ms (cache miss)
50 silly packumentCache full:https://registry.npmjs.org/@types%2fvscode set size:undefined disposed:false
51 silly fetch manifest @vscode/vsce@^3.3.0
52 silly packumentCache full:https://registry.npmjs.org/@vscode%2fvsce cache-miss
53 http fetch GET 200 https://registry.npmjs.org/@vscode%2fvsce 291ms (cache miss)
54 silly packumentCache full:https://registry.npmjs.org/@vscode%2fvsce set size:undefined disposed:false
55 silly fetch manifest esbuild@^0.28.0
56 silly packumentCache full:https://registry.npmjs.org/esbuild cache-miss
57 http fetch GET 200 https://registry.npmjs.org/esbuild 135ms (cache miss)
58 silly packumentCache full:https://registry.npmjs.org/esbuild set size:undefined disposed:false
59 silly placeDep ROOT @codemirror/commands@6.10.4 OK for: aic-notes@0.1.0 want: ^6.10.3
60 silly placeDep ROOT @codemirror/language@6.12.4 OK for: aic-notes@0.1.0 want: ^6.12.3
61 silly placeDep ROOT @codemirror/search@6.7.1 OK for: aic-notes@0.1.0 want: ^6.5.8
62 silly placeDep ROOT @codemirror/state@6.7.0 OK for: aic-notes@0.1.0 want: ^6.6.0
63 silly placeDep ROOT @codemirror/view@6.43.4 OK for: aic-notes@0.1.0 want: ^6.43.1
64 silly placeDep ROOT @lezer/common@1.5.2 OK for: aic-notes@0.1.0 want: ^1.5.2
65 silly placeDep ROOT @lezer/highlight@1.2.3 OK for: aic-notes@0.1.0 want: ^1.2.3
66 silly placeDep ROOT @lezer/markdown@1.6.4 OK for: aic-notes@0.1.0 want: ^1.6.4
67 silly placeDep ROOT @types/vscode@1.125.0 OK for: aic-notes@0.1.0 want: ^1.90.0
68 silly placeDep ROOT @vscode/vsce@3.9.2 OK for: aic-notes@0.1.0 want: ^3.3.0
69 silly placeDep ROOT esbuild@0.28.1 OK for: aic-notes@0.1.0 want: ^0.28.0
70 silly fetch manifest @codemirror/language@^6.0.0
71 silly packumentCache full:https://registry.npmjs.org/@codemirror%2flanguage cache-miss
72 silly fetch manifest @codemirror/state@^6.7.0
73 silly packumentCache full:https://registry.npmjs.org/@codemirror%2fstate cache-miss
74 silly fetch manifest @codemirror/view@^6.27.0
75 silly packumentCache full:https://registry.npmjs.org/@codemirror%2fview cache-miss
76 silly fetch manifest @lezer/common@^1.1.0
77 silly packumentCache full:https://registry.npmjs.org/@lezer%2fcommon cache-miss
78 silly fetch manifest @codemirror/state@^6.0.0
79 silly packumentCache full:https://registry.npmjs.org/@codemirror%2fstate cache-miss
80 silly fetch manifest @codemirror/view@^6.23.0
81 silly packumentCache full:https://registry.npmjs.org/@codemirror%2fview cache-miss
82 silly fetch manifest @lezer/common@^1.5.0
83 silly packumentCache full:https://registry.npmjs.org/@lezer%2fcommon cache-miss
84 silly fetch manifest @lezer/highlight@^1.0.0
85 silly packumentCache full:https://registry.npmjs.org/@lezer%2fhighlight cache-miss
86 silly fetch manifest @lezer/lr@^1.0.0
87 silly packumentCache full:https://registry.npmjs.org/@lezer%2flr cache-miss
88 silly fetch manifest style-mod@^4.0.0
89 silly packumentCache full:https://registry.npmjs.org/style-mod cache-miss
90 silly fetch manifest @codemirror/state@^6.0.0
91 silly packumentCache full:https://registry.npmjs.org/@codemirror%2fstate cache-miss
92 silly fetch manifest @codemirror/view@^6.37.0
93 silly packumentCache full:https://registry.npmjs.org/@codemirror%2fview cache-miss
94 silly fetch manifest crelt@^1.0.5
95 silly packumentCache full:https://registry.npmjs.org/crelt cache-miss
96 http cache https://registry.npmjs.org/@lezer%2fcommon 24ms (cache hit)
97 silly packumentCache full:https://registry.npmjs.org/@lezer%2fcommon set size:72854 disposed:false
98 silly fetch manifest @marijn/find-cluster-break@^1.0.0
99 silly packumentCache full:https://registry.npmjs.org/@marijn%2ffind-cluster-break cache-miss
100 http cache https://registry.npmjs.org/@codemirror%2flanguage 27ms (cache hit)
101 silly packumentCache full:https://registry.npmjs.org/@codemirror%2flanguage set size:146406 disposed:false
102 silly fetch manifest crelt@^1.0.6
103 silly packumentCache full:https://registry.npmjs.org/crelt cache-miss
104 http cache https://registry.npmjs.org/@lezer%2fhighlight 30ms (cache hit)
105 silly packumentCache full:https://registry.npmjs.org/@lezer%2fhighlight set size:30702 disposed:false
106 silly fetch manifest style-mod@^4.1.0
107 silly packumentCache full:https://registry.npmjs.org/style-mod cache-miss
108 http cache https://registry.npmjs.org/@codemirror%2fstate 35ms (cache hit)
109 silly packumentCache full:https://registry.npmjs.org/@codemirror%2fstate set size:107867 disposed:false
110 silly fetch manifest w3c-keyname@^2.2.4
111 silly packumentCache full:https://registry.npmjs.org/w3c-keyname cache-miss
112 http cache https://registry.npmjs.org/@codemirror%2fstate 36ms (cache hit)
113 silly packumentCache full:https://registry.npmjs.org/@codemirror%2fstate set size:107867 disposed:false
114 silly packumentCache full:https://registry.npmjs.org/@codemirror%2fstate dispose
115 silly fetch manifest tmp@^0.2.3
116 silly packumentCache full:https://registry.npmjs.org/tmp cache-miss
117 http cache https://registry.npmjs.org/@lezer%2fcommon 40ms (cache hit)
118 silly packumentCache full:https://registry.npmjs.org/@lezer%2fcommon set size:72854 disposed:false
119 silly packumentCache full:https://registry.npmjs.org/@lezer%2fcommon dispose
120 silly fetch manifest glob@^13.0.6
121 silly packumentCache full:https://registry.npmjs.org/glob cache-miss
122 http cache https://registry.npmjs.org/@codemirror%2fview 46ms (cache hit)
123 silly packumentCache full:https://registry.npmjs.org/@codemirror%2fview set size:579300 disposed:false
124 silly fetch manifest mime@^1.3.4
125 silly packumentCache full:https://registry.npmjs.org/mime cache-miss
126 http cache https://registry.npmjs.org/@codemirror%2fview 50ms (cache hit)
127 silly packumentCache full:https://registry.npmjs.org/@codemirror%2fview set size:579300 disposed:false
128 silly packumentCache full:https://registry.npmjs.org/@codemirror%2fview dispose
129 silly fetch manifest read@^1.0.7
130 silly packumentCache full:https://registry.npmjs.org/read cache-miss
131 http cache https://registry.npmjs.org/@codemirror%2fview 56ms (cache hit)
132 silly packumentCache full:https://registry.npmjs.org/@codemirror%2fview set size:579300 disposed:true
133 silly packumentCache full:https://registry.npmjs.org/@codemirror%2fview dispose
134 silly fetch manifest yazl@^2.2.2
135 silly packumentCache full:https://registry.npmjs.org/yazl cache-miss
136 http cache https://registry.npmjs.org/@codemirror%2fstate 59ms (cache hit)
137 silly packumentCache full:https://registry.npmjs.org/@codemirror%2fstate set size:107867 disposed:true
138 silly packumentCache full:https://registry.npmjs.org/@codemirror%2fstate dispose
139 silly fetch manifest chalk@^4.1.2
140 silly packumentCache full:https://registry.npmjs.org/chalk cache-miss
141 http fetch GET 200 https://registry.npmjs.org/style-mod 68ms (cache miss)
142 silly packumentCache full:https://registry.npmjs.org/style-mod set size:undefined disposed:false
143 silly fetch manifest leven@^3.1.0
144 silly packumentCache full:https://registry.npmjs.org/leven cache-miss
145 http fetch GET 200 https://registry.npmjs.org/leven 70ms (cache miss)
146 silly packumentCache full:https://registry.npmjs.org/leven set size:undefined disposed:false
147 silly fetch manifest yauzl@^3.2.1
148 silly packumentCache full:https://registry.npmjs.org/yauzl cache-miss
149 http fetch GET 200 https://registry.npmjs.org/crelt 167ms (cache miss)
150 silly packumentCache full:https://registry.npmjs.org/crelt set size:undefined disposed:false
151 silly fetch manifest semver@^7.5.2
152 silly packumentCache full:https://registry.npmjs.org/semver cache-miss
153 http fetch GET 200 https://registry.npmjs.org/crelt 204ms (cache miss)
154 silly packumentCache full:https://registry.npmjs.org/crelt set size:undefined disposed:false
155 silly fetch manifest xml2js@^0.5.0
156 silly packumentCache full:https://registry.npmjs.org/xml2js cache-miss
157 http fetch GET 200 https://registry.npmjs.org/w3c-keyname 206ms (cache miss)
158 silly packumentCache full:https://registry.npmjs.org/w3c-keyname set size:undefined disposed:false
159 silly fetch manifest cheerio@^1.0.0-rc.9
160 silly packumentCache full:https://registry.npmjs.org/cheerio cache-miss
161 http fetch GET 200 https://registry.npmjs.org/@marijn%2ffind-cluster-break 224ms (cache miss)
162 silly packumentCache full:https://registry.npmjs.org/@marijn%2ffind-cluster-break set size:undefined disposed:false
163 silly fetch manifest url-join@^4.0.1
164 silly packumentCache full:https://registry.npmjs.org/url-join cache-miss
165 http fetch GET 200 https://registry.npmjs.org/yauzl 106ms (cache miss)
166 silly packumentCache full:https://registry.npmjs.org/yauzl set size:undefined disposed:false
167 silly fetch manifest cockatiel@^3.1.2
168 silly packumentCache full:https://registry.npmjs.org/cockatiel cache-miss
169 http fetch GET 200 https://registry.npmjs.org/read 200ms (cache miss)
170 silly packumentCache full:https://registry.npmjs.org/read set size:undefined disposed:false
171 silly fetch manifest commander@^12.1.0
172 silly packumentCache full:https://registry.npmjs.org/commander cache-miss
173 http fetch GET 200 https://registry.npmjs.org/style-mod 223ms (cache miss)
174 silly packumentCache full:https://registry.npmjs.org/style-mod set size:undefined disposed:false
175 silly fetch manifest form-data@^4.0.0
176 silly packumentCache full:https://registry.npmjs.org/form-data cache-miss
177 http fetch GET 200 https://registry.npmjs.org/yazl 204ms (cache miss)
178 silly packumentCache full:https://registry.npmjs.org/yazl set size:undefined disposed:false
179 silly fetch manifest minimatch@^10.2.2
180 silly packumentCache full:https://registry.npmjs.org/minimatch cache-miss
181 http fetch GET 200 https://registry.npmjs.org/tmp 225ms (cache miss)
182 silly packumentCache full:https://registry.npmjs.org/tmp set size:undefined disposed:false
183 silly fetch manifest secretlint@^10.1.2
184 silly packumentCache full:https://registry.npmjs.org/secretlint cache-miss
185 http fetch GET 200 https://registry.npmjs.org/mime 217ms (cache miss)
186 silly packumentCache full:https://registry.npmjs.org/mime set size:undefined disposed:false
187 silly fetch manifest markdown-it@^14.1.0
188 silly packumentCache full:https://registry.npmjs.org/markdown-it cache-miss
189 http fetch GET 200 https://registry.npmjs.org/chalk 209ms (cache miss)
190 silly packumentCache full:https://registry.npmjs.org/chalk set size:undefined disposed:false
191 silly fetch manifest jsonc-parser@^3.2.0
192 silly packumentCache full:https://registry.npmjs.org/jsonc-parser cache-miss
193 http fetch GET 200 https://registry.npmjs.org/@lezer%2flr 273ms (cache miss)
194 silly packumentCache full:https://registry.npmjs.org/@lezer%2flr set size:undefined disposed:false
195 silly fetch manifest parse-semver@^1.1.1
196 silly packumentCache full:https://registry.npmjs.org/parse-semver cache-miss
197 http fetch GET 200 https://registry.npmjs.org/semver 106ms (cache miss)
198 silly packumentCache full:https://registry.npmjs.org/semver set size:undefined disposed:false
199 silly fetch manifest @azure/identity@^4.1.0
200 silly packumentCache full:https://registry.npmjs.org/@azure%2fidentity cache-miss
201 http fetch GET 200 https://registry.npmjs.org/glob 235ms (cache miss)
202 silly packumentCache full:https://registry.npmjs.org/glob set size:undefined disposed:false
203 silly fetch manifest hosted-git-info@^4.0.2
204 silly packumentCache full:https://registry.npmjs.org/hosted-git-info cache-miss
205 http fetch GET 200 https://registry.npmjs.org/xml2js 57ms (cache miss)
206 silly packumentCache full:https://registry.npmjs.org/xml2js set size:undefined disposed:false
207 silly fetch manifest @secretlint/node@^10.1.2
208 silly packumentCache full:https://registry.npmjs.org/@secretlint%2fnode cache-miss
209 http fetch GET 200 https://registry.npmjs.org/url-join 53ms (cache miss)
210 silly packumentCache full:https://registry.npmjs.org/url-join set size:undefined disposed:false
211 silly fetch manifest @vscode/vsce-sign@^2.0.0
212 silly packumentCache full:https://registry.npmjs.org/@vscode%2fvsce-sign cache-miss
213 http fetch GET 200 https://registry.npmjs.org/cheerio 65ms (cache miss)
214 silly packumentCache full:https://registry.npmjs.org/cheerio set size:undefined disposed:false
215 silly fetch manifest typed-rest-client@^1.8.4
216 silly packumentCache full:https://registry.npmjs.org/typed-rest-client cache-miss
217 http fetch GET 200 https://registry.npmjs.org/form-data 57ms (cache miss)
218 silly packumentCache full:https://registry.npmjs.org/form-data set size:undefined disposed:false
219 silly fetch manifest azure-devops-node-api@^12.5.0
220 silly packumentCache full:https://registry.npmjs.org/azure-devops-node-api cache-miss
221 http fetch GET 200 https://registry.npmjs.org/jsonc-parser 56ms (cache miss)
222 silly packumentCache full:https://registry.npmjs.org/jsonc-parser set size:undefined disposed:false
223 silly fetch manifest @secretlint/secretlint-rule-no-dotenv@^10.1.2
224 silly packumentCache full:https://registry.npmjs.org/@secretlint%2fsecretlint-rule-no-dotenv cache-miss
225 http fetch GET 200 https://registry.npmjs.org/hosted-git-info 51ms (cache miss)
226 silly packumentCache full:https://registry.npmjs.org/hosted-git-info set size:undefined disposed:false
227 silly fetch manifest @secretlint/secretlint-formatter-sarif@^10.1.2
228 silly packumentCache full:https://registry.npmjs.org/@secretlint%2fsecretlint-formatter-sarif cache-miss
229 http fetch GET 200 https://registry.npmjs.org/markdown-it 69ms (cache miss)
230 silly packumentCache full:https://registry.npmjs.org/markdown-it set size:undefined disposed:false
231 silly fetch manifest @secretlint/secretlint-rule-preset-recommend@^10.1.2
232 silly packumentCache full:https://registry.npmjs.org/@secretlint%2fsecretlint-rule-preset-recommend cache-miss
233 http fetch GET 200 https://registry.npmjs.org/minimatch 86ms (cache miss)
234 silly packumentCache full:https://registry.npmjs.org/minimatch set size:undefined disposed:false
235 silly fetch manifest keytar@^7.7.0
236 silly packumentCache full:https://registry.npmjs.org/keytar cache-miss
237 http fetch GET 200 https://registry.npmjs.org/commander 98ms (cache miss)
238 silly packumentCache full:https://registry.npmjs.org/commander set size:undefined disposed:false
239 silly fetch manifest @esbuild/aix-ppc64@0.28.1
240 silly packumentCache full:https://registry.npmjs.org/@esbuild%2faix-ppc64 cache-miss
241 http fetch GET 200 https://registry.npmjs.org/keytar 67ms (cache miss)
242 silly packumentCache full:https://registry.npmjs.org/keytar set size:undefined disposed:false
243 silly fetch manifest @esbuild/android-arm@0.28.1
244 silly packumentCache full:https://registry.npmjs.org/@esbuild%2fandroid-arm cache-miss
245 http fetch GET 200 https://registry.npmjs.org/@esbuild%2faix-ppc64 82ms (cache miss)
246 silly packumentCache full:https://registry.npmjs.org/@esbuild%2faix-ppc64 set size:undefined disposed:false
247 silly fetch manifest @esbuild/android-arm64@0.28.1
248 silly packumentCache full:https://registry.npmjs.org/@esbuild%2fandroid-arm64 cache-miss
249 http fetch GET 200 https://registry.npmjs.org/cockatiel 228ms (cache miss)
250 silly packumentCache full:https://registry.npmjs.org/cockatiel set size:undefined disposed:false
251 silly fetch manifest @esbuild/android-x64@0.28.1
252 silly packumentCache full:https://registry.npmjs.org/@esbuild%2fandroid-x64 cache-miss
253 http fetch GET 200 https://registry.npmjs.org/parse-semver 211ms (cache miss)
254 silly packumentCache full:https://registry.npmjs.org/parse-semver set size:undefined disposed:false
255 silly fetch manifest @esbuild/darwin-arm64@0.28.1
256 silly packumentCache full:https://registry.npmjs.org/@esbuild%2fdarwin-arm64 cache-miss
257 http fetch GET 200 https://registry.npmjs.org/@esbuild%2fandroid-arm 93ms (cache miss)
258 silly packumentCache full:https://registry.npmjs.org/@esbuild%2fandroid-arm set size:undefined disposed:false
259 silly fetch manifest @esbuild/darwin-x64@0.28.1
260 silly packumentCache full:https://registry.npmjs.org/@esbuild%2fdarwin-x64 cache-miss
261 http fetch GET 200 https://registry.npmjs.org/@esbuild%2fandroid-arm64 88ms (cache miss)
262 silly packumentCache full:https://registry.npmjs.org/@esbuild%2fandroid-arm64 set size:undefined disposed:false
263 silly fetch manifest @esbuild/freebsd-arm64@0.28.1
264 silly packumentCache full:https://registry.npmjs.org/@esbuild%2ffreebsd-arm64 cache-miss
265 http fetch GET 200 https://registry.npmjs.org/typed-rest-client 220ms (cache miss)
266 silly packumentCache full:https://registry.npmjs.org/typed-rest-client set size:undefined disposed:false
267 silly fetch manifest @esbuild/freebsd-x64@0.28.1
268 silly packumentCache full:https://registry.npmjs.org/@esbuild%2ffreebsd-x64 cache-miss
269 http fetch GET 200 https://registry.npmjs.org/@esbuild%2fandroid-x64 64ms (cache miss)
270 silly packumentCache full:https://registry.npmjs.org/@esbuild%2fandroid-x64 set size:undefined disposed:false
271 silly fetch manifest @esbuild/linux-arm@0.28.1
272 silly packumentCache full:https://registry.npmjs.org/@esbuild%2flinux-arm cache-miss
273 http fetch GET 200 https://registry.npmjs.org/azure-devops-node-api 235ms (cache miss)
274 silly packumentCache full:https://registry.npmjs.org/azure-devops-node-api set size:undefined disposed:false
275 silly fetch manifest @esbuild/linux-arm64@0.28.1
276 silly packumentCache full:https://registry.npmjs.org/@esbuild%2flinux-arm64 cache-miss
277 http fetch GET 200 https://registry.npmjs.org/secretlint 289ms (cache miss)
278 silly packumentCache full:https://registry.npmjs.org/secretlint set size:undefined disposed:false
279 silly fetch manifest @esbuild/linux-ia32@0.28.1
280 silly packumentCache full:https://registry.npmjs.org/@esbuild%2flinux-ia32 cache-miss
281 http fetch GET 200 https://registry.npmjs.org/@esbuild%2fdarwin-arm64 76ms (cache miss)
282 silly packumentCache full:https://registry.npmjs.org/@esbuild%2fdarwin-arm64 set size:undefined disposed:false
283 silly fetch manifest @esbuild/linux-loong64@0.28.1
284 silly packumentCache full:https://registry.npmjs.org/@esbuild%2flinux-loong64 cache-miss
285 http fetch GET 200 https://registry.npmjs.org/@esbuild%2fdarwin-x64 86ms (cache miss)
286 silly packumentCache full:https://registry.npmjs.org/@esbuild%2fdarwin-x64 set size:undefined disposed:false
287 silly fetch manifest @esbuild/linux-mips64el@0.28.1
288 silly packumentCache full:https://registry.npmjs.org/@esbuild%2flinux-mips64el cache-miss
289 http fetch GET 200 https://registry.npmjs.org/@esbuild%2ffreebsd-x64 81ms (cache miss)
290 silly packumentCache full:https://registry.npmjs.org/@esbuild%2ffreebsd-x64 set size:undefined disposed:false
291 silly fetch manifest @esbuild/linux-ppc64@0.28.1
292 silly packumentCache full:https://registry.npmjs.org/@esbuild%2flinux-ppc64 cache-miss
293 http fetch GET 200 https://registry.npmjs.org/@esbuild%2flinux-arm 75ms (cache miss)
294 silly packumentCache full:https://registry.npmjs.org/@esbuild%2flinux-arm set size:undefined disposed:false
295 silly fetch manifest @esbuild/linux-riscv64@0.28.1
296 silly packumentCache full:https://registry.npmjs.org/@esbuild%2flinux-riscv64 cache-miss
297 http fetch GET 200 https://registry.npmjs.org/@esbuild%2ffreebsd-arm64 99ms (cache miss)
298 silly packumentCache full:https://registry.npmjs.org/@esbuild%2ffreebsd-arm64 set size:undefined disposed:false
299 silly fetch manifest @esbuild/linux-s390x@0.28.1
300 silly packumentCache full:https://registry.npmjs.org/@esbuild%2flinux-s390x cache-miss
301 http fetch GET 200 https://registry.npmjs.org/@esbuild%2flinux-ia32 75ms (cache miss)
302 silly packumentCache full:https://registry.npmjs.org/@esbuild%2flinux-ia32 set size:undefined disposed:false
303 silly fetch manifest @esbuild/linux-x64@0.28.1
304 silly packumentCache full:https://registry.npmjs.org/@esbuild%2flinux-x64 cache-miss
305 http fetch GET 200 https://registry.npmjs.org/@esbuild%2flinux-arm64 86ms (cache miss)
306 silly packumentCache full:https://registry.npmjs.org/@esbuild%2flinux-arm64 set size:undefined disposed:false
307 silly fetch manifest @esbuild/netbsd-arm64@0.28.1
308 silly packumentCache full:https://registry.npmjs.org/@esbuild%2fnetbsd-arm64 cache-miss
309 http fetch GET 200 https://registry.npmjs.org/@esbuild%2flinux-loong64 92ms (cache miss)
310 silly packumentCache full:https://registry.npmjs.org/@esbuild%2flinux-loong64 set size:undefined disposed:false
311 silly fetch manifest @esbuild/netbsd-x64@0.28.1
312 silly packumentCache full:https://registry.npmjs.org/@esbuild%2fnetbsd-x64 cache-miss
313 http fetch GET 200 https://registry.npmjs.org/@azure%2fidentity 384ms (cache miss)
314 silly packumentCache full:https://registry.npmjs.org/@azure%2fidentity set size:undefined disposed:false
315 silly fetch manifest @esbuild/openbsd-arm64@0.28.1
316 silly packumentCache full:https://registry.npmjs.org/@esbuild%2fopenbsd-arm64 cache-miss
317 http fetch GET 200 https://registry.npmjs.org/@esbuild%2fnetbsd-arm64 67ms (cache miss)
318 silly packumentCache full:https://registry.npmjs.org/@esbuild%2fnetbsd-arm64 set size:undefined disposed:false
319 silly fetch manifest @esbuild/openbsd-x64@0.28.1
320 silly packumentCache full:https://registry.npmjs.org/@esbuild%2fopenbsd-x64 cache-miss
321 http fetch GET 200 https://registry.npmjs.org/@esbuild%2flinux-riscv64 84ms (cache miss)
322 silly packumentCache full:https://registry.npmjs.org/@esbuild%2flinux-riscv64 set size:undefined disposed:false
323 silly fetch manifest @esbuild/openharmony-arm64@0.28.1
324 silly packumentCache full:https://registry.npmjs.org/@esbuild%2fopenharmony-arm64 cache-miss
325 http fetch GET 200 https://registry.npmjs.org/@esbuild%2flinux-mips64el 106ms (cache miss)
326 silly packumentCache full:https://registry.npmjs.org/@esbuild%2flinux-mips64el set size:undefined disposed:false
327 silly fetch manifest @esbuild/sunos-x64@0.28.1
328 silly packumentCache full:https://registry.npmjs.org/@esbuild%2fsunos-x64 cache-miss
329 http fetch GET 200 https://registry.npmjs.org/@esbuild%2flinux-s390x 82ms (cache miss)
330 silly packumentCache full:https://registry.npmjs.org/@esbuild%2flinux-s390x set size:undefined disposed:false
331 silly fetch manifest @esbuild/win32-arm64@0.28.1
332 silly packumentCache full:https://registry.npmjs.org/@esbuild%2fwin32-arm64 cache-miss
333 http fetch GET 200 https://registry.npmjs.org/@esbuild%2flinux-ppc64 97ms (cache miss)
334 silly packumentCache full:https://registry.npmjs.org/@esbuild%2flinux-ppc64 set size:undefined disposed:false
335 silly fetch manifest @esbuild/win32-ia32@0.28.1
336 silly packumentCache full:https://registry.npmjs.org/@esbuild%2fwin32-ia32 cache-miss
337 http fetch GET 200 https://registry.npmjs.org/@esbuild%2flinux-x64 83ms (cache miss)
338 silly packumentCache full:https://registry.npmjs.org/@esbuild%2flinux-x64 set size:undefined disposed:false
339 silly fetch manifest @esbuild/win32-x64@0.28.1
340 silly packumentCache full:https://registry.npmjs.org/@esbuild%2fwin32-x64 cache-miss
341 http fetch GET 200 https://registry.npmjs.org/@esbuild%2fnetbsd-x64 100ms (cache miss)
342 silly packumentCache full:https://registry.npmjs.org/@esbuild%2fnetbsd-x64 set size:undefined disposed:false
343 http fetch GET 200 https://registry.npmjs.org/@vscode%2fvsce-sign 458ms (cache miss)
344 silly packumentCache full:https://registry.npmjs.org/@vscode%2fvsce-sign set size:undefined disposed:false
345 http fetch GET 200 https://registry.npmjs.org/@esbuild%2fopenbsd-arm64 76ms (cache miss)
346 silly packumentCache full:https://registry.npmjs.org/@esbuild%2fopenbsd-arm64 set size:undefined disposed:false
347 http fetch GET 200 https://registry.npmjs.org/@secretlint%2fsecretlint-formatter-sarif 433ms (cache miss)
348 silly packumentCache full:https://registry.npmjs.org/@secretlint%2fsecretlint-formatter-sarif set size:undefined disposed:false
349 http fetch GET 200 https://registry.npmjs.org/@esbuild%2fwin32-arm64 72ms (cache miss)
350 silly packumentCache full:https://registry.npmjs.org/@esbuild%2fwin32-arm64 set size:undefined disposed:false
351 http fetch GET 200 https://registry.npmjs.org/@esbuild%2fopenbsd-x64 79ms (cache miss)
352 silly packumentCache full:https://registry.npmjs.org/@esbuild%2fopenbsd-x64 set size:undefined disposed:false
353 http fetch GET 200 https://registry.npmjs.org/@esbuild%2fsunos-x64 77ms (cache miss)
354 silly packumentCache full:https://registry.npmjs.org/@esbuild%2fsunos-x64 set size:undefined disposed:false
355 http fetch GET 200 https://registry.npmjs.org/@esbuild%2fwin32-ia32 75ms (cache miss)
356 silly packumentCache full:https://registry.npmjs.org/@esbuild%2fwin32-ia32 set size:undefined disposed:false
357 http fetch GET 200 https://registry.npmjs.org/@secretlint%2fsecretlint-rule-preset-recommend 449ms (cache miss)
358 silly packumentCache full:https://registry.npmjs.org/@secretlint%2fsecretlint-rule-preset-recommend set size:undefined disposed:false
359 http fetch GET 200 https://registry.npmjs.org/@secretlint%2fnode 496ms (cache miss)
360 silly packumentCache full:https://registry.npmjs.org/@secretlint%2fnode set size:undefined disposed:false
361 http fetch GET 200 https://registry.npmjs.org/@esbuild%2fopenharmony-arm64 87ms (cache miss)
362 silly packumentCache full:https://registry.npmjs.org/@esbuild%2fopenharmony-arm64 set size:undefined disposed:false
363 http fetch GET 200 https://registry.npmjs.org/@esbuild%2fwin32-x64 106ms (cache miss)
364 silly packumentCache full:https://registry.npmjs.org/@esbuild%2fwin32-x64 set size:undefined disposed:false
365 http fetch GET 200 https://registry.npmjs.org/@secretlint%2fsecretlint-rule-no-dotenv 500ms (cache miss)
366 silly packumentCache full:https://registry.npmjs.org/@secretlint%2fsecretlint-rule-no-dotenv set size:undefined disposed:false
367 silly placeDep ROOT @lezer/lr@1.4.10 OK for: @codemirror/language@6.12.4 want: ^1.0.0
368 silly placeDep ROOT style-mod@4.1.3 OK for: @codemirror/language@6.12.4 want: ^4.0.0
369 silly placeDep ROOT crelt@1.0.7 OK for: @codemirror/search@6.7.1 want: ^1.0.5
370 silly placeDep ROOT @marijn/find-cluster-break@1.0.3 OK for: @codemirror/state@6.7.0 want: ^1.0.0
371 silly placeDep ROOT w3c-keyname@2.2.8 OK for: @codemirror/view@6.43.4 want: ^2.2.4
372 silly placeDep ROOT @azure/identity@4.13.1 OK for: @vscode/vsce@3.9.2 want: ^4.1.0
373 silly placeDep ROOT @secretlint/node@10.2.2 OK for: @vscode/vsce@3.9.2 want: ^10.1.2
374 silly placeDep ROOT @secretlint/secretlint-formatter-sarif@10.2.2 OK for: @vscode/vsce@3.9.2 want: ^10.1.2
375 silly placeDep ROOT @secretlint/secretlint-rule-no-dotenv@10.2.2 OK for: @vscode/vsce@3.9.2 want: ^10.1.2
376 silly placeDep ROOT @secretlint/secretlint-rule-preset-recommend@10.2.2 OK for: @vscode/vsce@3.9.2 want: ^10.1.2
377 silly placeDep ROOT @vscode/vsce-sign@2.0.9 OK for: @vscode/vsce@3.9.2 want: ^2.0.0
378 silly placeDep ROOT azure-devops-node-api@12.5.0 OK for: @vscode/vsce@3.9.2 want: ^12.5.0
379 silly placeDep ROOT chalk@4.1.2 OK for: @vscode/vsce@3.9.2 want: ^4.1.2
380 silly placeDep ROOT cheerio@1.2.0 OK for: @vscode/vsce@3.9.2 want: ^1.0.0-rc.9
381 silly placeDep ROOT cockatiel@3.2.1 OK for: @vscode/vsce@3.9.2 want: ^3.1.2
382 silly placeDep ROOT commander@12.1.0 OK for: @vscode/vsce@3.9.2 want: ^12.1.0
383 silly placeDep ROOT form-data@4.0.6 OK for: @vscode/vsce@3.9.2 want: ^4.0.0
384 silly placeDep ROOT glob@13.0.6 OK for: @vscode/vsce@3.9.2 want: ^13.0.6
385 silly placeDep ROOT hosted-git-info@4.1.0 OK for: @vscode/vsce@3.9.2 want: ^4.0.2
386 silly placeDep ROOT jsonc-parser@3.3.1 OK for: @vscode/vsce@3.9.2 want: ^3.2.0
387 silly placeDep ROOT keytar@7.9.0 OK for: @vscode/vsce@3.9.2 want: ^7.7.0
388 silly placeDep ROOT leven@3.1.0 OK for: @vscode/vsce@3.9.2 want: ^3.1.0
389 silly placeDep ROOT markdown-it@14.3.0 OK for: @vscode/vsce@3.9.2 want: ^14.1.0
390 silly placeDep ROOT mime@1.6.0 OK for: @vscode/vsce@3.9.2 want: ^1.3.4
391 silly placeDep ROOT minimatch@10.2.5 OK for: @vscode/vsce@3.9.2 want: ^10.2.2
392 silly placeDep ROOT parse-semver@1.1.1 OK for: @vscode/vsce@3.9.2 want: ^1.1.1
393 silly placeDep ROOT read@1.0.7 OK for: @vscode/vsce@3.9.2 want: ^1.0.7
394 silly placeDep ROOT secretlint@10.2.2 OK for: @vscode/vsce@3.9.2 want: ^10.1.2
395 silly placeDep ROOT semver@7.8.5 OK for: @vscode/vsce@3.9.2 want: ^7.5.2
396 silly placeDep ROOT tmp@0.2.7 OK for: @vscode/vsce@3.9.2 want: ^0.2.3
397 silly placeDep ROOT typed-rest-client@1.8.11 OK for: @vscode/vsce@3.9.2 want: ^1.8.4
398 silly placeDep ROOT url-join@4.0.1 OK for: @vscode/vsce@3.9.2 want: ^4.0.1
399 silly placeDep ROOT xml2js@0.5.0 OK for: @vscode/vsce@3.9.2 want: ^0.5.0
400 silly placeDep ROOT yauzl@3.4.0 OK for: @vscode/vsce@3.9.2 want: ^3.2.1
401 silly placeDep ROOT yazl@2.5.1 OK for: @vscode/vsce@3.9.2 want: ^2.2.2
402 silly fetch manifest open@^10.1.0
403 silly packumentCache full:https://registry.npmjs.org/open cache-miss
404 silly fetch manifest tslib@^2.2.0
405 silly packumentCache full:https://registry.npmjs.org/tslib cache-miss
406 silly fetch manifest @azure/logger@^1.0.0
407 silly packumentCache full:https://registry.npmjs.org/@azure%2flogger cache-miss
408 silly fetch manifest @azure/core-auth@^1.9.0
409 silly packumentCache full:https://registry.npmjs.org/@azure%2fcore-auth cache-miss
410 silly fetch manifest @azure/core-util@^1.11.0
411 silly packumentCache full:https://registry.npmjs.org/@azure%2fcore-util cache-miss
412 silly fetch manifest @azure/msal-node@^5.1.0
413 silly packumentCache full:https://registry.npmjs.org/@azure%2fmsal-node cache-miss
414 silly fetch manifest @azure/core-client@^1.9.2
415 silly packumentCache full:https://registry.npmjs.org/@azure%2fcore-client cache-miss
416 silly fetch manifest @azure/core-tracing@^1.0.0
417 silly packumentCache full:https://registry.npmjs.org/@azure%2fcore-tracing cache-miss
418 silly fetch manifest @azure/msal-browser@^5.5.0
419 silly packumentCache full:https://registry.npmjs.org/@azure%2fmsal-browser cache-miss
420 silly fetch manifest @azure/abort-controller@^2.0.0
421 silly packumentCache full:https://registry.npmjs.org/@azure%2fabort-controller cache-miss
422 silly fetch manifest @azure/core-rest-pipeline@^1.17.0
423 silly packumentCache full:https://registry.npmjs.org/@azure%2fcore-rest-pipeline cache-miss
424 silly fetch manifest debug@^4.4.1
425 silly packumentCache full:https://registry.npmjs.org/debug cache-miss
426 silly fetch manifest p-map@^7.0.3
427 silly packumentCache full:https://registry.npmjs.org/p-map cache-miss
428 http fetch GET 200 https://registry.npmjs.org/p-map 63ms (cache miss)
429 silly packumentCache full:https://registry.npmjs.org/p-map set size:undefined disposed:false
430 silly fetch manifest @secretlint/core@^10.2.2
431 silly packumentCache full:https://registry.npmjs.org/@secretlint%2fcore cache-miss
432 http fetch GET 200 https://registry.npmjs.org/tslib 78ms (cache miss)
433 silly packumentCache full:https://registry.npmjs.org/tslib set size:undefined disposed:false
434 silly fetch manifest @secretlint/types@^10.2.2
435 silly packumentCache full:https://registry.npmjs.org/@secretlint%2ftypes cache-miss
436 http fetch GET 200 https://registry.npmjs.org/open 84ms (cache miss)
437 silly packumentCache full:https://registry.npmjs.org/open set size:undefined disposed:false
438 silly fetch manifest @secretlint/profiler@^10.2.2
439 silly packumentCache full:https://registry.npmjs.org/@secretlint%2fprofiler cache-miss
440 http fetch GET 200 https://registry.npmjs.org/debug 86ms (cache miss)
441 silly packumentCache full:https://registry.npmjs.org/debug set size:undefined disposed:false
442 silly fetch manifest @secretlint/formatter@^10.2.2
443 silly packumentCache full:https://registry.npmjs.org/@secretlint%2fformatter cache-miss
444 http fetch GET 200 https://registry.npmjs.org/@azure%2fmsal-browser 96ms (cache miss)
445 silly packumentCache full:https://registry.npmjs.org/@azure%2fmsal-browser set size:undefined disposed:false
446 silly fetch manifest @secretlint/config-loader@^10.2.2
447 silly packumentCache full:https://registry.npmjs.org/@secretlint%2fconfig-loader cache-miss
448 http fetch GET 200 https://registry.npmjs.org/@azure%2fcore-util 107ms (cache miss)
449 silly packumentCache full:https://registry.npmjs.org/@azure%2fcore-util set size:undefined disposed:false
450 silly fetch manifest @secretlint/source-creator@^10.2.2
451 silly packumentCache full:https://registry.npmjs.org/@secretlint%2fsource-creator cache-miss
452 http fetch GET 200 https://registry.npmjs.org/@azure%2fcore-tracing 146ms (cache miss)
453 silly packumentCache full:https://registry.npmjs.org/@azure%2fcore-tracing set size:undefined disposed:false
454 silly fetch manifest node-sarif-builder@^3.2.0
455 silly packumentCache full:https://registry.npmjs.org/node-sarif-builder cache-miss
456 http fetch GET 200 https://registry.npmjs.org/@azure%2fcore-rest-pipeline 157ms (cache miss)
457 silly packumentCache full:https://registry.npmjs.org/@azure%2fcore-rest-pipeline set size:undefined disposed:false
458 silly fetch manifest @secretlint/types@^10.2.2
459 silly packumentCache full:https://registry.npmjs.org/@secretlint%2ftypes cache-miss
460 http fetch GET 200 https://registry.npmjs.org/@azure%2fcore-client 276ms (cache miss)
461 silly packumentCache full:https://registry.npmjs.org/@azure%2fcore-client set size:undefined disposed:false
462 silly fetch manifest @vscode/vsce-sign-darwin-arm64@2.0.6
463 silly packumentCache full:https://registry.npmjs.org/@vscode%2fvsce-sign-darwin-arm64 cache-miss
464 http fetch GET 200 https://registry.npmjs.org/@azure%2fmsal-node 288ms (cache miss)
465 silly packumentCache full:https://registry.npmjs.org/@azure%2fmsal-node set size:undefined disposed:false
466 silly fetch manifest @vscode/vsce-sign-darwin-x64@2.0.6
467 silly packumentCache full:https://registry.npmjs.org/@vscode%2fvsce-sign-darwin-x64 cache-miss
468 http fetch GET 200 https://registry.npmjs.org/@azure%2flogger 307ms (cache miss)
469 silly packumentCache full:https://registry.npmjs.org/@azure%2flogger set size:undefined disposed:false
470 silly fetch manifest @vscode/vsce-sign-win32-arm64@2.0.6
471 silly packumentCache full:https://registry.npmjs.org/@vscode%2fvsce-sign-win32-arm64 cache-miss
472 http fetch GET 200 https://registry.npmjs.org/@azure%2fcore-auth 351ms (cache miss)
473 silly packumentCache full:https://registry.npmjs.org/@azure%2fcore-auth set size:undefined disposed:false
474 silly fetch manifest @vscode/vsce-sign-win32-x64@2.0.6
475 silly packumentCache full:https://registry.npmjs.org/@vscode%2fvsce-sign-win32-x64 cache-miss
476 http fetch GET 200 https://registry.npmjs.org/node-sarif-builder 217ms (cache miss)
477 silly packumentCache full:https://registry.npmjs.org/node-sarif-builder set size:undefined disposed:false
478 silly fetch manifest @vscode/vsce-sign-linux-arm64@2.0.6
479 silly packumentCache full:https://registry.npmjs.org/@vscode%2fvsce-sign-linux-arm64 cache-miss
480 http fetch GET 200 https://registry.npmjs.org/@azure%2fabort-controller 471ms (cache miss)
481 silly packumentCache full:https://registry.npmjs.org/@azure%2fabort-controller set size:undefined disposed:false
482 silly fetch manifest @vscode/vsce-sign-linux-arm@2.0.6
483 silly packumentCache full:https://registry.npmjs.org/@vscode%2fvsce-sign-linux-arm cache-miss
484 http fetch GET 200 https://registry.npmjs.org/@secretlint%2fcore 450ms (cache miss)
485 silly packumentCache full:https://registry.npmjs.org/@secretlint%2fcore set size:undefined disposed:false
486 silly fetch manifest @vscode/vsce-sign-linux-x64@2.0.6
487 silly packumentCache full:https://registry.npmjs.org/@vscode%2fvsce-sign-linux-x64 cache-miss
488 http fetch GET 200 https://registry.npmjs.org/@secretlint%2fformatter 455ms (cache miss)
489 silly packumentCache full:https://registry.npmjs.org/@secretlint%2fformatter set size:undefined disposed:false
490 silly fetch manifest @vscode/vsce-sign-alpine-arm64@2.0.6
491 silly packumentCache full:https://registry.npmjs.org/@vscode%2fvsce-sign-alpine-arm64 cache-miss
492 http fetch GET 200 https://registry.npmjs.org/@secretlint%2ftypes 382ms (cache miss)
493 silly packumentCache full:https://registry.npmjs.org/@secretlint%2ftypes set size:undefined disposed:false
494 silly fetch manifest @vscode/vsce-sign-alpine-x64@2.0.6
495 silly packumentCache full:https://registry.npmjs.org/@vscode%2fvsce-sign-alpine-x64 cache-miss
496 http fetch GET 200 https://registry.npmjs.org/@secretlint%2ftypes 475ms (cache miss)
497 silly packumentCache full:https://registry.npmjs.org/@secretlint%2ftypes set size:undefined disposed:false
498 silly fetch manifest tunnel@0.0.6
499 silly packumentCache full:https://registry.npmjs.org/tunnel cache-miss
500 http fetch GET 200 https://registry.npmjs.org/@secretlint%2fprofiler 494ms (cache miss)
501 silly packumentCache full:https://registry.npmjs.org/@secretlint%2fprofiler set size:undefined disposed:false
502 silly fetch manifest ansi-styles@^4.1.0
503 silly packumentCache full:https://registry.npmjs.org/ansi-styles cache-miss
504 http fetch GET 200 https://registry.npmjs.org/tunnel 53ms (cache miss)
505 silly packumentCache full:https://registry.npmjs.org/tunnel set size:undefined disposed:false
506 silly fetch manifest supports-color@^7.1.0
507 silly packumentCache full:https://registry.npmjs.org/supports-color cache-miss
508 http fetch GET 200 https://registry.npmjs.org/@secretlint%2fconfig-loader 518ms (cache miss)
509 silly packumentCache full:https://registry.npmjs.org/@secretlint%2fconfig-loader set size:undefined disposed:false
510 silly fetch manifest parse5@^7.3.0
511 silly packumentCache full:https://registry.npmjs.org/parse5 cache-miss
512 http fetch GET 200 https://registry.npmjs.org/ansi-styles 50ms (cache miss)
513 silly packumentCache full:https://registry.npmjs.org/ansi-styles set size:undefined disposed:false
514 silly fetch manifest undici@^7.19.0
515 silly packumentCache full:https://registry.npmjs.org/undici cache-miss
516 http fetch GET 200 https://registry.npmjs.org/supports-color 57ms (cache miss)
517 silly packumentCache full:https://registry.npmjs.org/supports-color set size:undefined disposed:false
518 silly fetch manifest domutils@^3.2.2
519 silly packumentCache full:https://registry.npmjs.org/domutils cache-miss
520 http fetch GET 200 https://registry.npmjs.org/parse5 49ms (cache miss)
521 silly packumentCache full:https://registry.npmjs.org/parse5 set size:undefined disposed:false
522 silly fetch manifest domhandler@^5.0.3
523 silly packumentCache full:https://registry.npmjs.org/domhandler cache-miss
524 http fetch GET 200 https://registry.npmjs.org/@vscode%2fvsce-sign-darwin-arm64 423ms (cache miss)
525 silly packumentCache full:https://registry.npmjs.org/@vscode%2fvsce-sign-darwin-arm64 set size:undefined disposed:false
526 silly fetch manifest htmlparser2@^10.1.0
527 silly packumentCache full:https://registry.npmjs.org/htmlparser2 cache-miss
528 http fetch GET 200 https://registry.npmjs.org/@secretlint%2fsource-creator 598ms (cache miss)
529 silly packumentCache full:https://registry.npmjs.org/@secretlint%2fsource-creator set size:undefined disposed:false
530 silly fetch manifest cheerio-select@^2.1.0
531 silly packumentCache full:https://registry.npmjs.org/cheerio-select cache-miss
532 http fetch GET 200 https://registry.npmjs.org/domutils 49ms (cache miss)
533 silly packumentCache full:https://registry.npmjs.org/domutils set size:undefined disposed:false
534 silly fetch manifest dom-serializer@^2.0.0
535 silly packumentCache full:https://registry.npmjs.org/dom-serializer cache-miss
536 http fetch GET 200 https://registry.npmjs.org/domhandler 52ms (cache miss)
537 silly packumentCache full:https://registry.npmjs.org/domhandler set size:undefined disposed:false
538 silly fetch manifest whatwg-mimetype@^4.0.0
539 silly packumentCache full:https://registry.npmjs.org/whatwg-mimetype cache-miss
540 http fetch GET 200 https://registry.npmjs.org/undici 98ms (cache miss)
541 silly packumentCache full:https://registry.npmjs.org/undici set size:undefined disposed:false
542 silly fetch manifest encoding-sniffer@^0.2.1
543 silly packumentCache full:https://registry.npmjs.org/encoding-sniffer cache-miss
544 http fetch GET 200 https://registry.npmjs.org/@vscode%2fvsce-sign-darwin-x64 450ms (cache miss)
545 silly packumentCache full:https://registry.npmjs.org/@vscode%2fvsce-sign-darwin-x64 set size:undefined disposed:false
546 silly fetch manifest parse5-parser-stream@^7.1.2
547 silly packumentCache full:https://registry.npmjs.org/parse5-parser-stream cache-miss
548 http fetch GET 200 https://registry.npmjs.org/@vscode%2fvsce-sign-win32-arm64 418ms (cache miss)
549 silly packumentCache full:https://registry.npmjs.org/@vscode%2fvsce-sign-win32-arm64 set size:undefined disposed:false
550 silly fetch manifest parse5-htmlparser2-tree-adapter@^7.1.0
551 silly packumentCache full:https://registry.npmjs.org/parse5-htmlparser2-tree-adapter cache-miss
552 http fetch GET 200 https://registry.npmjs.org/htmlparser2 43ms (cache miss)
553 silly packumentCache full:https://registry.npmjs.org/htmlparser2 set size:undefined disposed:false
554 silly fetch manifest hasown@^2.0.4
555 silly packumentCache full:https://registry.npmjs.org/hasown cache-miss
556 http fetch GET 200 https://registry.npmjs.org/dom-serializer 43ms (cache miss)
557 silly packumentCache full:https://registry.npmjs.org/dom-serializer set size:undefined disposed:false
558 silly fetch manifest asynckit@^0.4.0
559 silly packumentCache full:https://registry.npmjs.org/asynckit cache-miss
560 http fetch GET 200 https://registry.npmjs.org/cheerio-select 50ms (cache miss)
561 silly packumentCache full:https://registry.npmjs.org/cheerio-select set size:undefined disposed:false
562 silly fetch manifest mime-types@^2.1.35
563 silly packumentCache full:https://registry.npmjs.org/mime-types cache-miss
564 http fetch GET 200 https://registry.npmjs.org/whatwg-mimetype 48ms (cache miss)
565 silly packumentCache full:https://registry.npmjs.org/whatwg-mimetype set size:undefined disposed:false
566 silly fetch manifest combined-stream@^1.0.8
567 silly packumentCache full:https://registry.npmjs.org/combined-stream cache-miss
568 http fetch GET 200 https://registry.npmjs.org/encoding-sniffer 48ms (cache miss)
569 silly packumentCache full:https://registry.npmjs.org/encoding-sniffer set size:undefined disposed:false
570 silly fetch manifest es-set-tostringtag@^2.1.0
571 silly packumentCache full:https://registry.npmjs.org/es-set-tostringtag cache-miss
572 http fetch GET 200 https://registry.npmjs.org/parse5-htmlparser2-tree-adapter 43ms (cache miss)
573 silly packumentCache full:https://registry.npmjs.org/parse5-htmlparser2-tree-adapter set size:undefined disposed:false
574 silly fetch manifest minipass@^7.1.3
575 silly packumentCache full:https://registry.npmjs.org/minipass cache-miss
576 http fetch GET 200 https://registry.npmjs.org/hasown 41ms (cache miss)
577 silly packumentCache full:https://registry.npmjs.org/hasown set size:undefined disposed:false
578 silly fetch manifest path-scurry@^2.0.2
579 silly packumentCache full:https://registry.npmjs.org/path-scurry cache-miss
580 http fetch GET 200 https://registry.npmjs.org/parse5-parser-stream 55ms (cache miss)
581 silly packumentCache full:https://registry.npmjs.org/parse5-parser-stream set size:undefined disposed:false
582 silly fetch manifest lru-cache@^6.0.0
583 silly packumentCache full:https://registry.npmjs.org/lru-cache cache-miss
584 http fetch GET 200 https://registry.npmjs.org/@vscode%2fvsce-sign-win32-x64 457ms (cache miss)
585 silly packumentCache full:https://registry.npmjs.org/@vscode%2fvsce-sign-win32-x64 set size:undefined disposed:false
586 silly fetch manifest node-addon-api@^4.3.0
587 silly packumentCache full:https://registry.npmjs.org/node-addon-api cache-miss
588 http fetch GET 200 https://registry.npmjs.org/asynckit 55ms (cache miss)
589 silly packumentCache full:https://registry.npmjs.org/asynckit set size:undefined disposed:false
590 silly fetch manifest prebuild-install@^7.0.1
591 silly packumentCache full:https://registry.npmjs.org/prebuild-install cache-miss
592 http fetch GET 200 https://registry.npmjs.org/@vscode%2fvsce-sign-linux-arm64 444ms (cache miss)
593 silly packumentCache full:https://registry.npmjs.org/@vscode%2fvsce-sign-linux-arm64 set size:undefined disposed:false
594 silly fetch manifest argparse@^2.0.1
595 silly packumentCache full:https://registry.npmjs.org/argparse cache-miss
596 http fetch GET 200 https://registry.npmjs.org/mime-types 55ms (cache miss)
597 silly packumentCache full:https://registry.npmjs.org/mime-types set size:undefined disposed:false
598 silly fetch manifest entities@^4.5.0
599 silly packumentCache full:https://registry.npmjs.org/entities cache-miss
600 http fetch GET 200 https://registry.npmjs.org/combined-stream 52ms (cache miss)
601 silly packumentCache full:https://registry.npmjs.org/combined-stream set size:undefined disposed:false
602 silly fetch manifest linkify-it@^5.0.2
603 silly packumentCache full:https://registry.npmjs.org/linkify-it cache-miss
604 http fetch GET 200 https://registry.npmjs.org/es-set-tostringtag 45ms (cache miss)
605 silly packumentCache full:https://registry.npmjs.org/es-set-tostringtag set size:undefined disposed:false
606 silly fetch manifest mdurl@^2.0.0
607 silly packumentCache full:https://registry.npmjs.org/mdurl cache-miss
608 http fetch GET 200 https://registry.npmjs.org/minipass 57ms (cache miss)
609 silly packumentCache full:https://registry.npmjs.org/minipass set size:undefined disposed:false
610 silly fetch manifest punycode.js@^2.3.1
611 silly packumentCache full:https://registry.npmjs.org/punycode.js cache-miss
612 http fetch GET 200 https://registry.npmjs.org/path-scurry 56ms (cache miss)
613 silly packumentCache full:https://registry.npmjs.org/path-scurry set size:undefined disposed:false
614 silly fetch manifest uc.micro@^2.1.0
615 silly packumentCache full:https://registry.npmjs.org/uc.micro cache-miss
616 http fetch GET 200 https://registry.npmjs.org/lru-cache 55ms (cache miss)
617 silly packumentCache full:https://registry.npmjs.org/lru-cache set size:undefined disposed:false
618 silly fetch manifest brace-expansion@^5.0.5
619 silly packumentCache full:https://registry.npmjs.org/brace-expansion cache-miss
620 http fetch GET 200 https://registry.npmjs.org/argparse 42ms (cache miss)
621 silly packumentCache full:https://registry.npmjs.org/argparse set size:undefined disposed:false
622 silly fetch manifest semver@^5.1.0
623 silly packumentCache full:https://registry.npmjs.org/semver cache-miss
624 http fetch GET 200 https://registry.npmjs.org/node-addon-api 50ms (cache miss)
625 silly packumentCache full:https://registry.npmjs.org/node-addon-api set size:undefined disposed:false
626 silly fetch manifest mute-stream@~0.0.4
627 silly packumentCache full:https://registry.npmjs.org/mute-stream cache-miss
628 http cache https://registry.npmjs.org/semver 5ms (cache hit)
629 silly packumentCache full:https://registry.npmjs.org/semver set size:246125 disposed:false
630 silly fetch manifest globby@^14.1.0
631 silly packumentCache full:https://registry.npmjs.org/globby cache-miss
632 http fetch GET 200 https://registry.npmjs.org/mdurl 40ms (cache miss)
633 silly packumentCache full:https://registry.npmjs.org/mdurl set size:undefined disposed:false
634 silly fetch manifest read-pkg@^9.0.1
635 silly packumentCache full:https://registry.npmjs.org/read-pkg cache-miss
636 http fetch GET 200 https://registry.npmjs.org/linkify-it 53ms (cache miss)
637 silly packumentCache full:https://registry.npmjs.org/linkify-it set size:undefined disposed:false
638 silly fetch manifest @secretlint/config-creator@^10.2.2
639 silly packumentCache full:https://registry.npmjs.org/@secretlint%2fconfig-creator cache-miss
640 http fetch GET 200 https://registry.npmjs.org/entities 57ms (cache miss)
641 silly packumentCache full:https://registry.npmjs.org/entities set size:undefined disposed:false
642 silly fetch manifest qs@^6.9.1
643 silly packumentCache full:https://registry.npmjs.org/qs cache-miss
644 http fetch GET 200 https://registry.npmjs.org/prebuild-install 64ms (cache miss)
645 silly packumentCache full:https://registry.npmjs.org/prebuild-install set size:undefined disposed:false
646 silly fetch manifest underscore@^1.12.1
647 silly packumentCache full:https://registry.npmjs.org/underscore cache-miss
648 http fetch GET 200 https://registry.npmjs.org/punycode.js 47ms (cache miss)
649 silly packumentCache full:https://registry.npmjs.org/punycode.js set size:undefined disposed:false
650 silly fetch manifest sax@>=0.6.0
651 silly packumentCache full:https://registry.npmjs.org/sax cache-miss
652 http fetch GET 200 https://registry.npmjs.org/brace-expansion 43ms (cache miss)
653 silly packumentCache full:https://registry.npmjs.org/brace-expansion set size:undefined disposed:false
654 silly fetch manifest xmlbuilder@~11.0.0
655 silly packumentCache full:https://registry.npmjs.org/xmlbuilder cache-miss
656 http fetch GET 200 https://registry.npmjs.org/uc.micro 50ms (cache miss)
657 silly packumentCache full:https://registry.npmjs.org/uc.micro set size:undefined disposed:false
658 silly fetch manifest pend@~1.2.0
659 silly packumentCache full:https://registry.npmjs.org/pend cache-miss
660 http fetch GET 200 https://registry.npmjs.org/mute-stream 45ms (cache miss)
661 silly packumentCache full:https://registry.npmjs.org/mute-stream set size:undefined disposed:false
662 silly fetch manifest buffer-crc32@~0.2.3
663 silly packumentCache full:https://registry.npmjs.org/buffer-crc32 cache-miss
664 http fetch GET 200 https://registry.npmjs.org/read-pkg 43ms (cache miss)
665 silly packumentCache full:https://registry.npmjs.org/read-pkg set size:undefined disposed:false
666 http fetch GET 200 https://registry.npmjs.org/globby 49ms (cache miss)
667 silly packumentCache full:https://registry.npmjs.org/globby set size:undefined disposed:false
668 http fetch GET 200 https://registry.npmjs.org/@vscode%2fvsce-sign-linux-arm 454ms (cache miss)
669 silly packumentCache full:https://registry.npmjs.org/@vscode%2fvsce-sign-linux-arm set size:undefined disposed:false
670 http fetch GET 200 https://registry.npmjs.org/underscore 54ms (cache miss)
671 silly packumentCache full:https://registry.npmjs.org/underscore set size:undefined disposed:false
672 http fetch GET 200 https://registry.npmjs.org/qs 60ms (cache miss)
673 silly packumentCache full:https://registry.npmjs.org/qs set size:undefined disposed:false
674 http fetch GET 200 https://registry.npmjs.org/sax 52ms (cache miss)
675 silly packumentCache full:https://registry.npmjs.org/sax set size:undefined disposed:false
676 http fetch GET 200 https://registry.npmjs.org/xmlbuilder 46ms (cache miss)
677 silly packumentCache full:https://registry.npmjs.org/xmlbuilder set size:undefined disposed:false
678 http fetch GET 200 https://registry.npmjs.org/pend 51ms (cache miss)
679 silly packumentCache full:https://registry.npmjs.org/pend set size:undefined disposed:false
680 http fetch GET 200 https://registry.npmjs.org/buffer-crc32 43ms (cache miss)
681 silly packumentCache full:https://registry.npmjs.org/buffer-crc32 set size:undefined disposed:false
682 http fetch GET 200 https://registry.npmjs.org/@vscode%2fvsce-sign-linux-x64 450ms (cache miss)
683 silly packumentCache full:https://registry.npmjs.org/@vscode%2fvsce-sign-linux-x64 set size:undefined disposed:false
684 http fetch GET 200 https://registry.npmjs.org/@vscode%2fvsce-sign-alpine-x64 417ms (cache miss)
685 silly packumentCache full:https://registry.npmjs.org/@vscode%2fvsce-sign-alpine-x64 set size:undefined disposed:false
686 http fetch GET 200 https://registry.npmjs.org/@vscode%2fvsce-sign-alpine-arm64 436ms (cache miss)
687 silly packumentCache full:https://registry.npmjs.org/@vscode%2fvsce-sign-alpine-arm64 set size:undefined disposed:false
688 http fetch GET 200 https://registry.npmjs.org/@secretlint%2fconfig-creator 464ms (cache miss)
689 silly packumentCache full:https://registry.npmjs.org/@secretlint%2fconfig-creator set size:undefined disposed:false
690 silly placeDep ROOT @azure/abort-controller@2.1.2 OK for: @azure/identity@4.13.1 want: ^2.0.0
691 silly placeDep ROOT @azure/core-auth@1.10.1 OK for: @azure/identity@4.13.1 want: ^1.9.0
692 silly placeDep ROOT @azure/core-client@1.10.2 OK for: @azure/identity@4.13.1 want: ^1.9.2
693 silly placeDep ROOT @azure/core-rest-pipeline@1.24.0 OK for: @azure/identity@4.13.1 want: ^1.17.0
694 silly placeDep ROOT @azure/core-tracing@1.3.1 OK for: @azure/identity@4.13.1 want: ^1.0.0
695 silly placeDep ROOT @azure/core-util@1.13.1 OK for: @azure/identity@4.13.1 want: ^1.11.0
696 silly placeDep ROOT @azure/logger@1.3.0 OK for: @azure/identity@4.13.1 want: ^1.0.0
697 silly placeDep ROOT @azure/msal-browser@5.16.0 OK for: @azure/identity@4.13.1 want: ^5.5.0
698 silly placeDep ROOT @azure/msal-node@5.3.1 OK for: @azure/identity@4.13.1 want: ^5.1.0
699 silly placeDep ROOT open@10.2.0 OK for: @azure/identity@4.13.1 want: ^10.1.0
700 silly placeDep ROOT tslib@2.8.1 OK for: @azure/identity@4.13.1 want: ^2.2.0
701 silly fetch manifest tslib@^2.6.2
702 silly packumentCache full:https://registry.npmjs.org/tslib cache-miss
703 silly fetch manifest tslib@^2.6.2
704 silly packumentCache full:https://registry.npmjs.org/tslib cache-miss
705 silly fetch manifest @azure/core-util@^1.13.0
706 silly packumentCache full:https://registry.npmjs.org/@azure%2fcore-util cache-miss
707 silly fetch manifest @azure/core-rest-pipeline@^1.22.0
708 silly packumentCache full:https://registry.npmjs.org/@azure%2fcore-rest-pipeline cache-miss
709 silly fetch manifest @azure/core-tracing@^1.3.0
710 silly packumentCache full:https://registry.npmjs.org/@azure%2fcore-tracing cache-miss
711 silly fetch manifest @azure/core-util@^1.13.0
712 silly packumentCache full:https://registry.npmjs.org/@azure%2fcore-util cache-miss
713 silly fetch manifest @azure/logger@^1.3.0
714 silly packumentCache full:https://registry.npmjs.org/@azure%2flogger cache-miss
715 silly fetch manifest tslib@^2.6.2
716 silly packumentCache full:https://registry.npmjs.org/tslib cache-miss
717 silly fetch manifest @azure/core-tracing@^1.3.0
718 silly packumentCache full:https://registry.npmjs.org/@azure%2fcore-tracing cache-miss
719 silly fetch manifest @azure/core-util@^1.13.0
720 silly packumentCache full:https://registry.npmjs.org/@azure%2fcore-util cache-miss
721 silly fetch manifest @azure/logger@^1.3.0
722 silly packumentCache full:https://registry.npmjs.org/@azure%2flogger cache-miss
723 silly fetch manifest @typespec/ts-http-runtime@^0.3.4
724 silly packumentCache full:https://registry.npmjs.org/@typespec%2fts-http-runtime cache-miss
725 silly fetch manifest tslib@^2.6.2
726 silly packumentCache full:https://registry.npmjs.org/tslib cache-miss
727 http cache https://registry.npmjs.org/tslib 6ms (cache hit)
728 silly packumentCache full:https://registry.npmjs.org/tslib set size:108843 disposed:false
729 silly fetch manifest @typespec/ts-http-runtime@^0.3.0
730 silly packumentCache full:https://registry.npmjs.org/@typespec%2fts-http-runtime cache-miss
731 http cache https://registry.npmjs.org/tslib 7ms (cache hit)
732 silly packumentCache full:https://registry.npmjs.org/tslib set size:108843 disposed:false
733 silly packumentCache full:https://registry.npmjs.org/tslib dispose
734 silly fetch manifest @typespec/ts-http-runtime@^0.3.0
735 silly packumentCache full:https://registry.npmjs.org/@typespec%2fts-http-runtime cache-miss
736 http cache https://registry.npmjs.org/tslib 7ms (cache hit)
737 silly packumentCache full:https://registry.npmjs.org/tslib set size:108843 disposed:true
738 silly packumentCache full:https://registry.npmjs.org/tslib dispose
739 silly fetch manifest @azure/msal-common@16.11.0
740 silly packumentCache full:https://registry.npmjs.org/@azure%2fmsal-common cache-miss
741 http cache https://registry.npmjs.org/@azure%2fcore-util 11ms (cache hit)
742 silly packumentCache full:https://registry.npmjs.org/@azure%2fcore-util set size:2262201 disposed:false
743 silly fetch manifest @azure/msal-common@16.11.0
744 silly packumentCache full:https://registry.npmjs.org/@azure%2fmsal-common cache-miss
745 http cache https://registry.npmjs.org/@azure%2fcore-util 19ms (cache hit)
746 silly packumentCache full:https://registry.npmjs.org/@azure%2fcore-util set size:2262201 disposed:false
747 silly fetch manifest jsonwebtoken@^9.0.0
748 silly packumentCache full:https://registry.npmjs.org/jsonwebtoken cache-miss
749 http cache https://registry.npmjs.org/@azure%2fcore-rest-pipeline 30ms (cache hit)
750 silly packumentCache full:https://registry.npmjs.org/@azure%2fcore-rest-pipeline set size:3171271 disposed:false
751 silly fetch manifest wsl-utils@^0.1.0
752 silly packumentCache full:https://registry.npmjs.org/wsl-utils cache-miss
753 http cache https://registry.npmjs.org/@azure%2flogger 42ms (cache hit)
754 silly packumentCache full:https://registry.npmjs.org/@azure%2flogger set size:2379738 disposed:false
755 silly fetch manifest default-browser@^5.2.1
756 silly packumentCache full:https://registry.npmjs.org/default-browser cache-miss
757 http cache https://registry.npmjs.org/@azure%2flogger 53ms (cache hit)
758 silly packumentCache full:https://registry.npmjs.org/@azure%2flogger set size:2379738 disposed:false
759 silly fetch manifest define-lazy-prop@^3.0.0
760 silly packumentCache full:https://registry.npmjs.org/define-lazy-prop cache-miss
761 http cache https://registry.npmjs.org/@azure%2fcore-tracing 65ms (cache hit)
762 silly packumentCache full:https://registry.npmjs.org/@azure%2fcore-tracing set size:2724937 disposed:false
763 silly fetch manifest is-inside-container@^1.0.0
764 silly packumentCache full:https://registry.npmjs.org/is-inside-container cache-miss
765 http cache https://registry.npmjs.org/tslib 83ms (cache hit)
766 silly packumentCache full:https://registry.npmjs.org/tslib set size:108843 disposed:true
767 silly packumentCache full:https://registry.npmjs.org/tslib dispose
768 http cache https://registry.npmjs.org/@azure%2fcore-util 87ms (cache hit)
769 silly packumentCache full:https://registry.npmjs.org/@azure%2fcore-util set size:2262201 disposed:false
770 http cache https://registry.npmjs.org/@azure%2fcore-tracing 96ms (cache hit)
771 silly packumentCache full:https://registry.npmjs.org/@azure%2fcore-tracing set size:2724937 disposed:false
772 http fetch GET 200 https://registry.npmjs.org/wsl-utils 88ms (cache miss)
773 silly packumentCache full:https://registry.npmjs.org/wsl-utils set size:undefined disposed:false
774 http fetch GET 200 https://registry.npmjs.org/define-lazy-prop 66ms (cache miss)
775 silly packumentCache full:https://registry.npmjs.org/define-lazy-prop set size:undefined disposed:false
776 http fetch GET 200 https://registry.npmjs.org/is-inside-container 65ms (cache miss)
777 silly packumentCache full:https://registry.npmjs.org/is-inside-container set size:undefined disposed:false
778 http fetch GET 200 https://registry.npmjs.org/default-browser 91ms (cache miss)
779 silly packumentCache full:https://registry.npmjs.org/default-browser set size:undefined disposed:false
780 http fetch GET 200 https://registry.npmjs.org/jsonwebtoken 264ms (cache miss)
781 silly packumentCache full:https://registry.npmjs.org/jsonwebtoken set size:undefined disposed:false
782 http fetch GET 200 https://registry.npmjs.org/@typespec%2fts-http-runtime 294ms (cache miss)
783 silly packumentCache full:https://registry.npmjs.org/@typespec%2fts-http-runtime set size:undefined disposed:false
784 http fetch GET 200 https://registry.npmjs.org/@typespec%2fts-http-runtime 293ms (cache miss)
785 silly packumentCache full:https://registry.npmjs.org/@typespec%2fts-http-runtime set size:undefined disposed:false
786 http fetch GET 200 https://registry.npmjs.org/@typespec%2fts-http-runtime 310ms (cache miss)
787 silly packumentCache full:https://registry.npmjs.org/@typespec%2fts-http-runtime set size:undefined disposed:false
788 http fetch GET 200 https://registry.npmjs.org/@azure%2fmsal-common 311ms (cache miss)
789 silly packumentCache full:https://registry.npmjs.org/@azure%2fmsal-common set size:undefined disposed:false
790 http fetch GET 200 https://registry.npmjs.org/@azure%2fmsal-common 322ms (cache miss)
791 silly packumentCache full:https://registry.npmjs.org/@azure%2fmsal-common set size:undefined disposed:false
792 silly placeDep ROOT @typespec/ts-http-runtime@0.3.6 OK for: @azure/core-rest-pipeline@1.24.0 want: ^0.3.4
793 silly fetch manifest http-proxy-agent@^7.0.0
794 silly packumentCache full:https://registry.npmjs.org/http-proxy-agent cache-miss
795 silly fetch manifest https-proxy-agent@^7.0.0
796 silly packumentCache full:https://registry.npmjs.org/https-proxy-agent cache-miss
797 http fetch GET 200 https://registry.npmjs.org/http-proxy-agent 48ms (cache miss)
798 silly packumentCache full:https://registry.npmjs.org/http-proxy-agent set size:undefined disposed:false
799 http fetch GET 200 https://registry.npmjs.org/https-proxy-agent 54ms (cache miss)
800 silly packumentCache full:https://registry.npmjs.org/https-proxy-agent set size:undefined disposed:false
801 silly placeDep ROOT @azure/msal-common@16.11.0 OK for: @azure/msal-browser@5.16.0 want: 16.11.0
802 silly placeDep ROOT jsonwebtoken@9.0.3 OK for: @azure/msal-node@5.3.1 want: ^9.0.0
803 silly fetch manifest ms@^2.1.1
804 silly packumentCache full:https://registry.npmjs.org/ms cache-miss
805 silly fetch manifest jws@^4.0.1
806 silly packumentCache full:https://registry.npmjs.org/jws cache-miss
807 silly fetch manifest lodash.once@^4.0.0
808 silly packumentCache full:https://registry.npmjs.org/lodash.once cache-miss
809 silly fetch manifest lodash.includes@^4.3.0
810 silly packumentCache full:https://registry.npmjs.org/lodash.includes cache-miss
811 silly fetch manifest lodash.isnumber@^3.0.3
812 silly packumentCache full:https://registry.npmjs.org/lodash.isnumber cache-miss
813 silly fetch manifest lodash.isstring@^4.0.1
814 silly packumentCache full:https://registry.npmjs.org/lodash.isstring cache-miss
815 silly fetch manifest lodash.isboolean@^3.0.3
816 silly packumentCache full:https://registry.npmjs.org/lodash.isboolean cache-miss
817 silly fetch manifest lodash.isinteger@^4.0.4
818 silly packumentCache full:https://registry.npmjs.org/lodash.isinteger cache-miss
819 silly fetch manifest lodash.isplainobject@^4.0.6
820 silly packumentCache full:https://registry.npmjs.org/lodash.isplainobject cache-miss
821 http fetch GET 200 https://registry.npmjs.org/lodash.isinteger 52ms (cache miss)
822 silly packumentCache full:https://registry.npmjs.org/lodash.isinteger set size:undefined disposed:false
823 http fetch GET 200 https://registry.npmjs.org/lodash.once 55ms (cache miss)
824 silly packumentCache full:https://registry.npmjs.org/lodash.once set size:undefined disposed:false
825 http fetch GET 200 https://registry.npmjs.org/lodash.isstring 56ms (cache miss)
826 silly packumentCache full:https://registry.npmjs.org/lodash.isstring set size:undefined disposed:false
827 http fetch GET 200 https://registry.npmjs.org/lodash.includes 58ms (cache miss)
828 silly packumentCache full:https://registry.npmjs.org/lodash.includes set size:undefined disposed:false
829 http fetch GET 200 https://registry.npmjs.org/lodash.isboolean 58ms (cache miss)
830 silly packumentCache full:https://registry.npmjs.org/lodash.isboolean set size:undefined disposed:false
831 http fetch GET 200 https://registry.npmjs.org/lodash.isplainobject 61ms (cache miss)
832 silly packumentCache full:https://registry.npmjs.org/lodash.isplainobject set size:undefined disposed:false
833 http fetch GET 200 https://registry.npmjs.org/ms 65ms (cache miss)
834 silly packumentCache full:https://registry.npmjs.org/ms set size:undefined disposed:false
835 http fetch GET 200 https://registry.npmjs.org/lodash.isnumber 67ms (cache miss)
836 silly packumentCache full:https://registry.npmjs.org/lodash.isnumber set size:undefined disposed:false
837 http fetch GET 200 https://registry.npmjs.org/jws 217ms (cache miss)
838 silly packumentCache full:https://registry.npmjs.org/jws set size:undefined disposed:false
839 silly placeDep ROOT @secretlint/config-loader@10.2.2 OK for: @secretlint/node@10.2.2 want: ^10.2.2
840 silly placeDep ROOT @secretlint/core@10.2.2 OK for: @secretlint/node@10.2.2 want: ^10.2.2
841 silly placeDep ROOT @secretlint/formatter@10.2.2 OK for: @secretlint/node@10.2.2 want: ^10.2.2
842 silly placeDep ROOT @secretlint/profiler@10.2.2 OK for: @secretlint/node@10.2.2 want: ^10.2.2
843 silly placeDep ROOT @secretlint/source-creator@10.2.2 OK for: @secretlint/node@10.2.2 want: ^10.2.2
844 silly placeDep ROOT @secretlint/types@10.2.2 OK for: @secretlint/node@10.2.2 want: ^10.2.2
845 silly placeDep ROOT debug@4.4.3 OK for: @secretlint/node@10.2.2 want: ^4.4.1
846 silly placeDep ROOT p-map@7.0.5 OK for: @secretlint/node@10.2.2 want: ^7.0.3
847 silly fetch manifest ajv@^8.17.1
848 silly packumentCache full:https://registry.npmjs.org/ajv cache-miss
849 silly fetch manifest rc-config-loader@^4.1.3
850 silly packumentCache full:https://registry.npmjs.org/rc-config-loader cache-miss
851 silly fetch manifest @secretlint/resolver@^10.2.2
852 silly packumentCache full:https://registry.npmjs.org/@secretlint%2fresolver cache-miss
853 silly fetch manifest structured-source@^4.0.0
854 silly packumentCache full:https://registry.npmjs.org/structured-source cache-miss
855 silly fetch manifest chalk@^5.4.1
856 silly packumentCache full:https://registry.npmjs.org/chalk cache-miss
857 silly fetch manifest table@^6.9.0
858 silly packumentCache full:https://registry.npmjs.org/table cache-miss
859 silly fetch manifest pluralize@^8.0.0
860 silly packumentCache full:https://registry.npmjs.org/pluralize cache-miss
861 silly fetch manifest strip-ansi@^7.1.0
862 silly packumentCache full:https://registry.npmjs.org/strip-ansi cache-miss
863 silly fetch manifest terminal-link@^4.0.0
864 silly packumentCache full:https://registry.npmjs.org/terminal-link cache-miss
865 silly fetch manifest @textlint/types@^15.2.0
866 silly packumentCache full:https://registry.npmjs.org/@textlint%2ftypes cache-miss
867 silly fetch manifest @secretlint/resolver@^10.2.2
868 silly packumentCache full:https://registry.npmjs.org/@secretlint%2fresolver cache-miss
869 silly fetch manifest @textlint/module-interop@^15.2.0
870 silly packumentCache full:https://registry.npmjs.org/@textlint%2fmodule-interop cache-miss
871 silly fetch manifest @textlint/linter-formatter@^15.2.0
872 silly packumentCache full:https://registry.npmjs.org/@textlint%2flinter-formatter cache-miss
873 http cache https://registry.npmjs.org/chalk 16ms (cache hit)
874 silly packumentCache full:https://registry.npmjs.org/chalk set size:117861 disposed:false
875 silly fetch manifest istextorbinary@^9.5.0
876 silly packumentCache full:https://registry.npmjs.org/istextorbinary cache-miss
877 http fetch GET 200 https://registry.npmjs.org/terminal-link 49ms (cache miss)
878 silly packumentCache full:https://registry.npmjs.org/terminal-link set size:undefined disposed:false
879 silly fetch manifest ms@^2.1.3
880 silly packumentCache full:https://registry.npmjs.org/ms cache-miss
881 http fetch GET 200 https://registry.npmjs.org/strip-ansi 50ms (cache miss)
882 silly packumentCache full:https://registry.npmjs.org/strip-ansi set size:undefined disposed:false
883 http fetch GET 200 https://registry.npmjs.org/pluralize 51ms (cache miss)
884 silly packumentCache full:https://registry.npmjs.org/pluralize set size:undefined disposed:false
885 http cache https://registry.npmjs.org/ms 3ms (cache hit)
886 silly packumentCache full:https://registry.npmjs.org/ms set size:92208 disposed:false
887 http fetch GET 200 https://registry.npmjs.org/table 54ms (cache miss)
888 silly packumentCache full:https://registry.npmjs.org/table set size:undefined disposed:false
889 http fetch GET 200 https://registry.npmjs.org/rc-config-loader 62ms (cache miss)
890 silly packumentCache full:https://registry.npmjs.org/rc-config-loader set size:undefined disposed:false
891 http fetch GET 200 https://registry.npmjs.org/ajv 88ms (cache miss)
892 silly packumentCache full:https://registry.npmjs.org/ajv set size:undefined disposed:false
893 http fetch GET 200 https://registry.npmjs.org/istextorbinary 96ms (cache miss)
894 silly packumentCache full:https://registry.npmjs.org/istextorbinary set size:undefined disposed:false
895 http fetch GET 200 https://registry.npmjs.org/structured-source 210ms (cache miss)
896 silly packumentCache full:https://registry.npmjs.org/structured-source set size:undefined disposed:false
897 http fetch GET 200 https://registry.npmjs.org/@secretlint%2fresolver 518ms (cache miss)
898 silly packumentCache full:https://registry.npmjs.org/@secretlint%2fresolver set size:undefined disposed:false
899 http fetch GET 200 https://registry.npmjs.org/@secretlint%2fresolver 520ms (cache miss)
900 silly packumentCache full:https://registry.npmjs.org/@secretlint%2fresolver set size:undefined disposed:false
901 http fetch GET 200 https://registry.npmjs.org/@textlint%2ftypes 522ms (cache miss)
902 silly packumentCache full:https://registry.npmjs.org/@textlint%2ftypes set size:undefined disposed:false
903 http fetch GET 200 https://registry.npmjs.org/@textlint%2fmodule-interop 524ms (cache miss)
904 silly packumentCache full:https://registry.npmjs.org/@textlint%2fmodule-interop set size:undefined disposed:false
905 http fetch GET 200 https://registry.npmjs.org/@textlint%2flinter-formatter 526ms (cache miss)
906 silly packumentCache full:https://registry.npmjs.org/@textlint%2flinter-formatter set size:undefined disposed:false
907 silly placeDep ROOT @secretlint/resolver@10.2.2 OK for: @secretlint/config-loader@10.2.2 want: ^10.2.2
908 silly placeDep ROOT ajv@8.20.0 OK for: @secretlint/config-loader@10.2.2 want: ^8.17.1
909 silly placeDep ROOT rc-config-loader@4.1.4 OK for: @secretlint/config-loader@10.2.2 want: ^4.1.3
910 silly fetch manifest fast-deep-equal@^3.1.3
911 silly packumentCache full:https://registry.npmjs.org/fast-deep-equal cache-miss
912 silly fetch manifest fast-uri@^3.0.1
913 silly packumentCache full:https://registry.npmjs.org/fast-uri cache-miss
914 silly fetch manifest json-schema-traverse@^1.0.0
915 silly packumentCache full:https://registry.npmjs.org/json-schema-traverse cache-miss
916 silly fetch manifest require-from-string@^2.0.2
917 silly packumentCache full:https://registry.npmjs.org/require-from-string cache-miss
918 silly fetch manifest js-yaml@^4.1.1
919 silly packumentCache full:https://registry.npmjs.org/js-yaml cache-miss
920 silly fetch manifest json5@^2.2.3
921 silly packumentCache full:https://registry.npmjs.org/json5 cache-miss
922 silly fetch manifest require-from-string@^2.0.2
923 silly packumentCache full:https://registry.npmjs.org/require-from-string cache-miss
924 http fetch GET 200 https://registry.npmjs.org/require-from-string 52ms (cache miss)
925 silly packumentCache full:https://registry.npmjs.org/require-from-string set size:undefined disposed:false
926 http fetch GET 200 https://registry.npmjs.org/json-schema-traverse 53ms (cache miss)
927 silly packumentCache full:https://registry.npmjs.org/json-schema-traverse set size:undefined disposed:false
928 http fetch GET 200 https://registry.npmjs.org/fast-uri 56ms (cache miss)
929 silly packumentCache full:https://registry.npmjs.org/fast-uri set size:undefined disposed:false
930 http fetch GET 200 https://registry.npmjs.org/fast-deep-equal 58ms (cache miss)
931 silly packumentCache full:https://registry.npmjs.org/fast-deep-equal set size:undefined disposed:false
932 http fetch GET 200 https://registry.npmjs.org/json5 58ms (cache miss)
933 silly packumentCache full:https://registry.npmjs.org/json5 set size:undefined disposed:false
934 http fetch GET 200 https://registry.npmjs.org/require-from-string 60ms (cache miss)
935 silly packumentCache full:https://registry.npmjs.org/require-from-string set size:undefined disposed:false
936 http fetch GET 200 https://registry.npmjs.org/js-yaml 85ms (cache miss)
937 silly packumentCache full:https://registry.npmjs.org/js-yaml set size:undefined disposed:false
938 silly placeDep ROOT structured-source@4.0.0 OK for: @secretlint/core@10.2.2 want: ^4.0.0
939 silly fetch manifest boundary@^2.0.0
940 silly packumentCache full:https://registry.npmjs.org/boundary cache-miss
941 http fetch GET 200 https://registry.npmjs.org/boundary 281ms (cache miss)
942 silly packumentCache full:https://registry.npmjs.org/boundary set size:undefined disposed:false
943 silly placeDep ROOT @textlint/linter-formatter@15.7.1 OK for: @secretlint/formatter@10.2.2 want: ^15.2.0
944 silly placeDep ROOT @textlint/module-interop@15.7.1 OK for: @secretlint/formatter@10.2.2 want: ^15.2.0
945 silly placeDep ROOT @textlint/types@15.7.1 OK for: @secretlint/formatter@10.2.2 want: ^15.2.0
946 silly placeDep node_modules/@secretlint/formatter chalk@5.6.2 OK for: @secretlint/formatter@10.2.2 want: ^5.4.1
947 silly placeDep ROOT pluralize@8.0.0 OK for: @secretlint/formatter@10.2.2 want: ^8.0.0
948 silly placeDep ROOT strip-ansi@7.2.0 OK for: @secretlint/formatter@10.2.2 want: ^7.1.0
949 silly placeDep ROOT table@6.9.0 OK for: @secretlint/formatter@10.2.2 want: ^6.9.0
950 silly placeDep ROOT terminal-link@4.0.0 OK for: @secretlint/formatter@10.2.2 want: ^4.0.0
951 silly fetch manifest @azu/format-text@^1.0.2
952 silly packumentCache full:https://registry.npmjs.org/@azu%2fformat-text cache-miss
953 silly fetch manifest @azu/style-format@^1.0.1
954 silly packumentCache full:https://registry.npmjs.org/@azu%2fstyle-format cache-miss
955 silly fetch manifest @textlint/module-interop@15.7.1
956 silly packumentCache full:https://registry.npmjs.org/@textlint%2fmodule-interop cache-miss
957 silly fetch manifest @textlint/resolver@15.7.1
958 silly packumentCache full:https://registry.npmjs.org/@textlint%2fresolver cache-miss
959 silly fetch manifest @textlint/types@15.7.1
960 silly packumentCache full:https://registry.npmjs.org/@textlint%2ftypes cache-miss
961 silly fetch manifest lodash@^4.18.1
962 silly packumentCache full:https://registry.npmjs.org/lodash cache-miss
963 silly fetch manifest pluralize@^2.0.0
964 silly packumentCache full:https://registry.npmjs.org/pluralize cache-miss
965 silly fetch manifest string-width@^4.2.3
966 silly packumentCache full:https://registry.npmjs.org/string-width cache-miss
967 silly fetch manifest strip-ansi@^6.0.1
968 silly packumentCache full:https://registry.npmjs.org/strip-ansi cache-miss
969 silly fetch manifest text-table@^0.2.0
970 silly packumentCache full:https://registry.npmjs.org/text-table cache-miss
971 silly fetch manifest @textlint/ast-node-types@15.7.1
972 silly packumentCache full:https://registry.npmjs.org/@textlint%2fast-node-types cache-miss
973 silly fetch manifest ansi-regex@^6.2.2
974 silly packumentCache full:https://registry.npmjs.org/ansi-regex cache-miss
975 silly fetch manifest slice-ansi@^4.0.0
976 silly packumentCache full:https://registry.npmjs.org/slice-ansi cache-miss
977 http cache https://registry.npmjs.org/strip-ansi 6ms (cache hit)
978 silly packumentCache full:https://registry.npmjs.org/strip-ansi set size:44998 disposed:false
979 silly fetch manifest string-width@^4.2.3
980 silly packumentCache full:https://registry.npmjs.org/string-width cache-miss
981 http cache https://registry.npmjs.org/pluralize 7ms (cache hit)
982 silly packumentCache full:https://registry.npmjs.org/pluralize set size:55503 disposed:false
983 silly fetch manifest lodash.truncate@^4.4.2
984 silly packumentCache full:https://registry.npmjs.org/lodash.truncate cache-miss
985 http cache https://registry.npmjs.org/@textlint%2fmodule-interop 9ms (cache hit)
986 silly packumentCache full:https://registry.npmjs.org/@textlint%2fmodule-interop set size:248523 disposed:false
987 silly fetch manifest ansi-escapes@^7.0.0
988 silly packumentCache full:https://registry.npmjs.org/ansi-escapes cache-miss
989 http cache https://registry.npmjs.org/@textlint%2ftypes 10ms (cache hit)
990 silly packumentCache full:https://registry.npmjs.org/@textlint%2ftypes set size:287262 disposed:false
991 silly fetch manifest supports-hyperlinks@^3.2.0
992 silly packumentCache full:https://registry.npmjs.org/supports-hyperlinks cache-miss
993 http fetch GET 200 https://registry.npmjs.org/text-table 44ms (cache miss)
994 silly packumentCache full:https://registry.npmjs.org/text-table set size:undefined disposed:false
995 http fetch GET 200 https://registry.npmjs.org/ansi-regex 44ms (cache miss)
996 silly packumentCache full:https://registry.npmjs.org/ansi-regex set size:undefined disposed:false
997 http fetch GET 200 https://registry.npmjs.org/slice-ansi 44ms (cache miss)
998 silly packumentCache full:https://registry.npmjs.org/slice-ansi set size:undefined disposed:false
999 http fetch GET 200 https://registry.npmjs.org/string-width 50ms (cache miss)
1000 silly packumentCache full:https://registry.npmjs.org/string-width set size:undefined disposed:false
1001 http fetch GET 200 https://registry.npmjs.org/supports-hyperlinks 44ms (cache miss)
1002 silly packumentCache full:https://registry.npmjs.org/supports-hyperlinks set size:undefined disposed:false
1003 http fetch GET 200 https://registry.npmjs.org/string-width 56ms (cache miss)
1004 silly packumentCache full:https://registry.npmjs.org/string-width set size:undefined disposed:false
1005 http fetch GET 200 https://registry.npmjs.org/lodash 65ms (cache miss)
1006 silly packumentCache full:https://registry.npmjs.org/lodash set size:undefined disposed:false
1007 http fetch GET 200 https://registry.npmjs.org/ansi-escapes 58ms (cache miss)
1008 silly packumentCache full:https://registry.npmjs.org/ansi-escapes set size:undefined disposed:false
1009 http fetch GET 200 https://registry.npmjs.org/lodash.truncate 248ms (cache miss)
1010 silly packumentCache full:https://registry.npmjs.org/lodash.truncate set size:undefined disposed:false
1011 http fetch GET 200 https://registry.npmjs.org/@azu%2fstyle-format 449ms (cache miss)
1012 silly packumentCache full:https://registry.npmjs.org/@azu%2fstyle-format set size:undefined disposed:false
1013 http fetch GET 200 https://registry.npmjs.org/@textlint%2fresolver 459ms (cache miss)
1014 silly packumentCache full:https://registry.npmjs.org/@textlint%2fresolver set size:undefined disposed:false
1015 http fetch GET 200 https://registry.npmjs.org/@azu%2fformat-text 462ms (cache miss)
1016 silly packumentCache full:https://registry.npmjs.org/@azu%2fformat-text set size:undefined disposed:false
1017 http fetch GET 200 https://registry.npmjs.org/@textlint%2fast-node-types 472ms (cache miss)
1018 silly packumentCache full:https://registry.npmjs.org/@textlint%2fast-node-types set size:undefined disposed:false
1019 silly placeDep ROOT node-sarif-builder@3.4.0 OK for: @secretlint/secretlint-formatter-sarif@10.2.2 want: ^3.2.0
1020 silly fetch manifest fs-extra@^11.1.1
1021 silly packumentCache full:https://registry.npmjs.org/fs-extra cache-miss
1022 silly fetch manifest @types/sarif@^2.1.7
1023 silly packumentCache full:https://registry.npmjs.org/@types%2fsarif cache-miss
1024 http fetch GET 200 https://registry.npmjs.org/@types%2fsarif 63ms (cache miss)
1025 silly packumentCache full:https://registry.npmjs.org/@types%2fsarif set size:undefined disposed:false
1026 http fetch GET 200 https://registry.npmjs.org/fs-extra 66ms (cache miss)
1027 silly packumentCache full:https://registry.npmjs.org/fs-extra set size:undefined disposed:false
1028 silly placeDep ROOT istextorbinary@9.5.0 OK for: @secretlint/source-creator@10.2.2 want: ^9.5.0
1029 silly fetch manifest binaryextensions@^6.11.0
1030 silly packumentCache full:https://registry.npmjs.org/binaryextensions cache-miss
1031 silly fetch manifest editions@^6.21.0
1032 silly packumentCache full:https://registry.npmjs.org/editions cache-miss
1033 silly fetch manifest textextensions@^6.11.0
1034 silly packumentCache full:https://registry.npmjs.org/textextensions cache-miss
1035 http fetch GET 200 https://registry.npmjs.org/editions 247ms (cache miss)
1036 silly packumentCache full:https://registry.npmjs.org/editions set size:undefined disposed:false
1037 http fetch GET 200 https://registry.npmjs.org/textextensions 263ms (cache miss)
1038 silly packumentCache full:https://registry.npmjs.org/textextensions set size:undefined disposed:false
1039 http fetch GET 200 https://registry.npmjs.org/binaryextensions 279ms (cache miss)
1040 silly packumentCache full:https://registry.npmjs.org/binaryextensions set size:undefined disposed:false
1041 silly placeDep ROOT @azu/format-text@1.0.2 OK for: @textlint/linter-formatter@15.7.1 want: ^1.0.2
1042 silly placeDep ROOT @azu/style-format@1.0.1 OK for: @textlint/linter-formatter@15.7.1 want: ^1.0.1
1043 silly placeDep ROOT @textlint/resolver@15.7.1 OK for: @textlint/linter-formatter@15.7.1 want: 15.7.1
1044 silly placeDep ROOT js-yaml@4.3.0 OK for: @textlint/linter-formatter@15.7.1 want: ^4.1.1
1045 silly placeDep ROOT lodash@4.18.1 OK for: @textlint/linter-formatter@15.7.1 want: ^4.18.1
1046 silly placeDep node_modules/@textlint/linter-formatter pluralize@2.0.0 OK for: @textlint/linter-formatter@15.7.1 want: ^2.0.0
1047 silly placeDep ROOT string-width@4.2.3 OK for: @textlint/linter-formatter@15.7.1 want: ^4.2.3
1048 silly placeDep node_modules/@textlint/linter-formatter strip-ansi@6.0.1 OK for: @textlint/linter-formatter@15.7.1 want: ^6.0.1
1049 silly placeDep ROOT text-table@0.2.0 OK for: @textlint/linter-formatter@15.7.1 want: ^0.2.0
1050 silly fetch manifest emoji-regex@^8.0.0
1051 silly packumentCache full:https://registry.npmjs.org/emoji-regex cache-miss
1052 silly fetch manifest is-fullwidth-code-point@^3.0.0
1053 silly packumentCache full:https://registry.npmjs.org/is-fullwidth-code-point cache-miss
1054 silly fetch manifest ansi-regex@^5.0.1
1055 silly packumentCache full:https://registry.npmjs.org/ansi-regex cache-miss
1056 http cache https://registry.npmjs.org/ansi-regex 5ms (cache hit)
1057 silly packumentCache full:https://registry.npmjs.org/ansi-regex set size:43572 disposed:false
1058 http fetch GET 200 https://registry.npmjs.org/is-fullwidth-code-point 52ms (cache miss)
1059 silly packumentCache full:https://registry.npmjs.org/is-fullwidth-code-point set size:undefined disposed:false
1060 http fetch GET 200 https://registry.npmjs.org/emoji-regex 71ms (cache miss)
1061 silly packumentCache full:https://registry.npmjs.org/emoji-regex set size:undefined disposed:false
1062 silly placeDep ROOT @textlint/ast-node-types@15.7.1 OK for: @textlint/types@15.7.1 want: 15.7.1
1063 silly placeDep ROOT http-proxy-agent@7.0.2 OK for: @typespec/ts-http-runtime@0.3.6 want: ^7.0.0
1064 silly placeDep ROOT https-proxy-agent@7.0.6 OK for: @typespec/ts-http-runtime@0.3.6 want: ^7.0.0
1065 silly fetch manifest agent-base@^7.1.0
1066 silly packumentCache full:https://registry.npmjs.org/agent-base cache-miss
1067 silly fetch manifest agent-base@^7.1.2
1068 silly packumentCache full:https://registry.npmjs.org/agent-base cache-miss
1069 http fetch GET 200 https://registry.npmjs.org/agent-base 57ms (cache miss)
1070 silly packumentCache full:https://registry.npmjs.org/agent-base set size:undefined disposed:false
1071 http fetch GET 200 https://registry.npmjs.org/agent-base 67ms (cache miss)
1072 silly packumentCache full:https://registry.npmjs.org/agent-base set size:undefined disposed:false
1073 silly placeDep ROOT @vscode/vsce-sign-alpine-arm64@2.0.6 OK for: @vscode/vsce-sign@2.0.9 want: 2.0.6
1074 silly placeDep ROOT @vscode/vsce-sign-alpine-x64@2.0.6 OK for: @vscode/vsce-sign@2.0.9 want: 2.0.6
1075 silly placeDep ROOT @vscode/vsce-sign-darwin-arm64@2.0.6 OK for: @vscode/vsce-sign@2.0.9 want: 2.0.6
1076 silly placeDep ROOT @vscode/vsce-sign-darwin-x64@2.0.6 OK for: @vscode/vsce-sign@2.0.9 want: 2.0.6
1077 silly placeDep ROOT @vscode/vsce-sign-linux-arm@2.0.6 OK for: @vscode/vsce-sign@2.0.9 want: 2.0.6
1078 silly placeDep ROOT @vscode/vsce-sign-linux-arm64@2.0.6 OK for: @vscode/vsce-sign@2.0.9 want: 2.0.6
1079 silly placeDep ROOT @vscode/vsce-sign-linux-x64@2.0.6 OK for: @vscode/vsce-sign@2.0.9 want: 2.0.6
1080 silly placeDep ROOT @vscode/vsce-sign-win32-arm64@2.0.6 OK for: @vscode/vsce-sign@2.0.9 want: 2.0.6
1081 silly placeDep ROOT @vscode/vsce-sign-win32-x64@2.0.6 OK for: @vscode/vsce-sign@2.0.9 want: 2.0.6
1082 silly placeDep ROOT fast-deep-equal@3.1.3 OK for: ajv@8.20.0 want: ^3.1.3
1083 silly placeDep ROOT fast-uri@3.1.3 OK for: ajv@8.20.0 want: ^3.0.1
1084 silly placeDep ROOT json-schema-traverse@1.0.0 OK for: ajv@8.20.0 want: ^1.0.0
1085 silly placeDep ROOT require-from-string@2.0.2 OK for: ajv@8.20.0 want: ^2.0.2
1086 silly placeDep ROOT tunnel@0.0.6 OK for: azure-devops-node-api@12.5.0 want: 0.0.6
1087 silly placeDep ROOT ansi-styles@4.3.0 OK for: chalk@4.1.2 want: ^4.1.0
1088 silly placeDep ROOT supports-color@7.2.0 OK for: chalk@4.1.2 want: ^7.1.0
1089 silly fetch manifest color-convert@^2.0.1
1090 silly packumentCache full:https://registry.npmjs.org/color-convert cache-miss
1091 silly fetch manifest has-flag@^4.0.0
1092 silly packumentCache full:https://registry.npmjs.org/has-flag cache-miss
1093 http fetch GET 200 https://registry.npmjs.org/has-flag 51ms (cache miss)
1094 silly packumentCache full:https://registry.npmjs.org/has-flag set size:undefined disposed:false
1095 http fetch GET 200 https://registry.npmjs.org/color-convert 53ms (cache miss)
1096 silly packumentCache full:https://registry.npmjs.org/color-convert set size:undefined disposed:false
1097 silly placeDep ROOT color-convert@2.0.1 OK for: ansi-styles@4.3.0 want: ^2.0.1
1098 silly fetch manifest color-name@~1.1.4
1099 silly packumentCache full:https://registry.npmjs.org/color-name cache-miss
1100 http fetch GET 200 https://registry.npmjs.org/color-name 54ms (cache miss)
1101 silly packumentCache full:https://registry.npmjs.org/color-name set size:undefined disposed:false
1102 silly placeDep ROOT cheerio-select@2.1.0 OK for: cheerio@1.2.0 want: ^2.1.0
1103 silly placeDep ROOT dom-serializer@2.0.0 OK for: cheerio@1.2.0 want: ^2.0.0
1104 silly placeDep ROOT domhandler@5.0.3 OK for: cheerio@1.2.0 want: ^5.0.3
1105 silly placeDep ROOT domutils@3.2.2 OK for: cheerio@1.2.0 want: ^3.2.2
1106 silly placeDep ROOT encoding-sniffer@0.2.1 OK for: cheerio@1.2.0 want: ^0.2.1
1107 silly placeDep ROOT htmlparser2@10.1.0 OK for: cheerio@1.2.0 want: ^10.1.0
1108 silly placeDep ROOT parse5@7.3.0 OK for: cheerio@1.2.0 want: ^7.3.0
1109 silly placeDep ROOT parse5-htmlparser2-tree-adapter@7.1.0 OK for: cheerio@1.2.0 want: ^7.1.0
1110 silly placeDep ROOT parse5-parser-stream@7.1.2 OK for: cheerio@1.2.0 want: ^7.1.2
1111 silly placeDep ROOT undici@7.28.0 OK for: cheerio@1.2.0 want: ^7.19.0
1112 silly placeDep ROOT whatwg-mimetype@4.0.0 OK for: cheerio@1.2.0 want: ^4.0.0
1113 silly fetch manifest boolbase@^1.0.0
1114 silly packumentCache full:https://registry.npmjs.org/boolbase cache-miss
1115 silly fetch manifest css-what@^6.1.0
1116 silly packumentCache full:https://registry.npmjs.org/css-what cache-miss
1117 silly fetch manifest domutils@^3.0.1
1118 silly packumentCache full:https://registry.npmjs.org/domutils cache-miss
1119 silly fetch manifest css-select@^5.1.0
1120 silly packumentCache full:https://registry.npmjs.org/css-select cache-miss
1121 silly fetch manifest domelementtype@^2.3.0
1122 silly packumentCache full:https://registry.npmjs.org/domelementtype cache-miss
1123 silly fetch manifest entities@^4.2.0
1124 silly packumentCache full:https://registry.npmjs.org/entities cache-miss
1125 silly fetch manifest domhandler@^5.0.2
1126 silly packumentCache full:https://registry.npmjs.org/domhandler cache-miss
1127 silly fetch manifest domelementtype@^2.3.0
1128 silly packumentCache full:https://registry.npmjs.org/domelementtype cache-miss
1129 silly fetch manifest domelementtype@^2.3.0
1130 silly packumentCache full:https://registry.npmjs.org/domelementtype cache-miss
1131 silly fetch manifest domelementtype@^2.3.0
1132 silly packumentCache full:https://registry.npmjs.org/domelementtype cache-miss
1133 silly fetch manifest iconv-lite@^0.6.3
1134 silly packumentCache full:https://registry.npmjs.org/iconv-lite cache-miss
1135 silly fetch manifest whatwg-encoding@^3.1.1
1136 silly packumentCache full:https://registry.npmjs.org/whatwg-encoding cache-miss
1137 silly fetch manifest entities@^7.0.1
1138 silly packumentCache full:https://registry.npmjs.org/entities cache-miss
1139 http cache https://registry.npmjs.org/domutils 10ms (cache hit)
1140 silly packumentCache full:https://registry.npmjs.org/domutils set size:110068 disposed:false
1141 silly fetch manifest domelementtype@^2.3.0
1142 silly packumentCache full:https://registry.npmjs.org/domelementtype cache-miss
1143 http cache https://registry.npmjs.org/entities 11ms (cache hit)
1144 silly packumentCache full:https://registry.npmjs.org/entities set size:101550 disposed:false
1145 silly fetch manifest entities@^6.0.0
1146 silly packumentCache full:https://registry.npmjs.org/entities cache-hit
1147 http cache https://registry.npmjs.org/entities 12ms (cache hit)
1148 silly packumentCache full:https://registry.npmjs.org/entities set size:101550 disposed:false
1149 silly packumentCache full:https://registry.npmjs.org/entities dispose
1150 http cache https://registry.npmjs.org/domhandler 15ms (cache hit)
1151 silly packumentCache full:https://registry.npmjs.org/domhandler set size:78187 disposed:false
1152 http fetch GET 200 https://registry.npmjs.org/boolbase 56ms (cache miss)
1153 silly packumentCache full:https://registry.npmjs.org/boolbase set size:undefined disposed:false
1154 http fetch GET 200 https://registry.npmjs.org/css-what 62ms (cache miss)
1155 silly packumentCache full:https://registry.npmjs.org/css-what set size:undefined disposed:false
1156 http fetch GET 200 https://registry.npmjs.org/domelementtype 67ms (cache miss)
1157 silly packumentCache full:https://registry.npmjs.org/domelementtype set size:undefined disposed:false
1158 http fetch GET 200 https://registry.npmjs.org/domelementtype 70ms (cache miss)
1159 silly packumentCache full:https://registry.npmjs.org/domelementtype set size:undefined disposed:false
1160 http fetch GET 200 https://registry.npmjs.org/domelementtype 70ms (cache miss)
1161 silly packumentCache full:https://registry.npmjs.org/domelementtype set size:undefined disposed:false
1162 http fetch GET 200 https://registry.npmjs.org/css-select 71ms (cache miss)
1163 silly packumentCache full:https://registry.npmjs.org/css-select set size:undefined disposed:false
1164 http fetch GET 200 https://registry.npmjs.org/domelementtype 73ms (cache miss)
1165 silly packumentCache full:https://registry.npmjs.org/domelementtype set size:undefined disposed:false
1166 http fetch GET 200 https://registry.npmjs.org/whatwg-encoding 73ms (cache miss)
1167 silly packumentCache full:https://registry.npmjs.org/whatwg-encoding set size:undefined disposed:false
1168 http fetch GET 200 https://registry.npmjs.org/domelementtype 65ms (cache miss)
1169 silly packumentCache full:https://registry.npmjs.org/domelementtype set size:undefined disposed:false
1170 http fetch GET 200 https://registry.npmjs.org/iconv-lite 76ms (cache miss)
1171 silly packumentCache full:https://registry.npmjs.org/iconv-lite set size:undefined disposed:false
1172 silly placeDep ROOT boolbase@1.0.0 OK for: cheerio-select@2.1.0 want: ^1.0.0
1173 silly placeDep ROOT css-select@5.2.2 OK for: cheerio-select@2.1.0 want: ^5.1.0
1174 silly placeDep ROOT css-what@6.2.2 OK for: cheerio-select@2.1.0 want: ^6.1.0
1175 silly placeDep ROOT domelementtype@2.3.0 OK for: cheerio-select@2.1.0 want: ^2.3.0
1176 silly fetch manifest nth-check@^2.0.1
1177 silly packumentCache full:https://registry.npmjs.org/nth-check cache-miss
1178 http fetch GET 200 https://registry.npmjs.org/nth-check 54ms (cache miss)
1179 silly packumentCache full:https://registry.npmjs.org/nth-check set size:undefined disposed:false
1180 silly placeDep ROOT color-name@1.1.4 OK for: color-convert@2.0.1 want: ~1.1.4
1181 silly placeDep ROOT nth-check@2.1.1 OK for: css-select@5.2.2 want: ^2.0.1
1182 silly placeDep ROOT ms@2.1.3 OK for: debug@4.4.3 want: ^2.1.3
1183 silly placeDep ROOT entities@4.5.0 OK for: dom-serializer@2.0.0 want: ^4.2.0
1184 silly placeDep ROOT iconv-lite@0.6.3 OK for: encoding-sniffer@0.2.1 want: ^0.6.3
1185 silly placeDep ROOT whatwg-encoding@3.1.1 OK for: encoding-sniffer@0.2.1 want: ^3.1.1
1186 silly fetch manifest safer-buffer@>= 2.1.2 < 3.0.0
1187 silly packumentCache full:https://registry.npmjs.org/safer-buffer cache-miss
1188 http fetch GET 200 https://registry.npmjs.org/safer-buffer 48ms (cache miss)
1189 silly packumentCache full:https://registry.npmjs.org/safer-buffer set size:undefined disposed:false
1190 silly placeDep ROOT @esbuild/aix-ppc64@0.28.1 OK for: esbuild@0.28.1 want: 0.28.1
1191 silly placeDep ROOT @esbuild/android-arm@0.28.1 OK for: esbuild@0.28.1 want: 0.28.1
1192 silly placeDep ROOT @esbuild/android-arm64@0.28.1 OK for: esbuild@0.28.1 want: 0.28.1
1193 silly placeDep ROOT @esbuild/android-x64@0.28.1 OK for: esbuild@0.28.1 want: 0.28.1
1194 silly placeDep ROOT @esbuild/darwin-arm64@0.28.1 OK for: esbuild@0.28.1 want: 0.28.1
1195 silly placeDep ROOT @esbuild/darwin-x64@0.28.1 OK for: esbuild@0.28.1 want: 0.28.1
1196 silly placeDep ROOT @esbuild/freebsd-arm64@0.28.1 OK for: esbuild@0.28.1 want: 0.28.1
1197 silly placeDep ROOT @esbuild/freebsd-x64@0.28.1 OK for: esbuild@0.28.1 want: 0.28.1
1198 silly placeDep ROOT @esbuild/linux-arm@0.28.1 OK for: esbuild@0.28.1 want: 0.28.1
1199 silly placeDep ROOT @esbuild/linux-arm64@0.28.1 OK for: esbuild@0.28.1 want: 0.28.1
1200 silly placeDep ROOT @esbuild/linux-ia32@0.28.1 OK for: esbuild@0.28.1 want: 0.28.1
1201 silly placeDep ROOT @esbuild/linux-loong64@0.28.1 OK for: esbuild@0.28.1 want: 0.28.1
1202 silly placeDep ROOT @esbuild/linux-mips64el@0.28.1 OK for: esbuild@0.28.1 want: 0.28.1
1203 silly placeDep ROOT @esbuild/linux-ppc64@0.28.1 OK for: esbuild@0.28.1 want: 0.28.1
1204 silly placeDep ROOT @esbuild/linux-riscv64@0.28.1 OK for: esbuild@0.28.1 want: 0.28.1
1205 silly placeDep ROOT @esbuild/linux-s390x@0.28.1 OK for: esbuild@0.28.1 want: 0.28.1
1206 silly placeDep ROOT @esbuild/linux-x64@0.28.1 OK for: esbuild@0.28.1 want: 0.28.1
1207 silly placeDep ROOT @esbuild/netbsd-arm64@0.28.1 OK for: esbuild@0.28.1 want: 0.28.1
1208 silly placeDep ROOT @esbuild/netbsd-x64@0.28.1 OK for: esbuild@0.28.1 want: 0.28.1
1209 silly placeDep ROOT @esbuild/openbsd-arm64@0.28.1 OK for: esbuild@0.28.1 want: 0.28.1
1210 silly placeDep ROOT @esbuild/openbsd-x64@0.28.1 OK for: esbuild@0.28.1 want: 0.28.1
1211 silly placeDep ROOT @esbuild/openharmony-arm64@0.28.1 OK for: esbuild@0.28.1 want: 0.28.1
1212 silly placeDep ROOT @esbuild/sunos-x64@0.28.1 OK for: esbuild@0.28.1 want: 0.28.1
1213 silly placeDep ROOT @esbuild/win32-arm64@0.28.1 OK for: esbuild@0.28.1 want: 0.28.1
1214 silly placeDep ROOT @esbuild/win32-ia32@0.28.1 OK for: esbuild@0.28.1 want: 0.28.1
1215 silly placeDep ROOT @esbuild/win32-x64@0.28.1 OK for: esbuild@0.28.1 want: 0.28.1
1216 silly placeDep ROOT asynckit@0.4.0 OK for: form-data@4.0.6 want: ^0.4.0
1217 silly placeDep ROOT combined-stream@1.0.8 OK for: form-data@4.0.6 want: ^1.0.8
1218 silly placeDep ROOT es-set-tostringtag@2.1.0 OK for: form-data@4.0.6 want: ^2.1.0
1219 silly placeDep ROOT hasown@2.0.4 OK for: form-data@4.0.6 want: ^2.0.4
1220 silly placeDep ROOT mime-types@2.1.35 OK for: form-data@4.0.6 want: ^2.1.35
1221 silly fetch manifest delayed-stream@~1.0.0
1222 silly packumentCache full:https://registry.npmjs.org/delayed-stream cache-miss
1223 silly fetch manifest es-errors@^1.3.0
1224 silly packumentCache full:https://registry.npmjs.org/es-errors cache-miss
1225 silly fetch manifest get-intrinsic@^1.2.6
1226 silly packumentCache full:https://registry.npmjs.org/get-intrinsic cache-miss
1227 silly fetch manifest has-tostringtag@^1.0.2
1228 silly packumentCache full:https://registry.npmjs.org/has-tostringtag cache-miss
1229 silly fetch manifest hasown@^2.0.2
1230 silly packumentCache full:https://registry.npmjs.org/hasown cache-miss
1231 silly fetch manifest function-bind@^1.1.2
1232 silly packumentCache full:https://registry.npmjs.org/function-bind cache-miss
1233 silly fetch manifest mime-db@1.52.0
1234 silly packumentCache full:https://registry.npmjs.org/mime-db cache-miss
1235 http cache https://registry.npmjs.org/hasown 7ms (cache hit)
1236 silly packumentCache full:https://registry.npmjs.org/hasown set size:18361 disposed:false
1237 http fetch GET 200 https://registry.npmjs.org/function-bind 45ms (cache miss)
1238 silly packumentCache full:https://registry.npmjs.org/function-bind set size:undefined disposed:false
1239 http fetch GET 200 https://registry.npmjs.org/has-tostringtag 47ms (cache miss)
1240 silly packumentCache full:https://registry.npmjs.org/has-tostringtag set size:undefined disposed:false
1241 http fetch GET 200 https://registry.npmjs.org/get-intrinsic 51ms (cache miss)
1242 silly packumentCache full:https://registry.npmjs.org/get-intrinsic set size:undefined disposed:false
1243 http fetch GET 200 https://registry.npmjs.org/mime-db 58ms (cache miss)
1244 silly packumentCache full:https://registry.npmjs.org/mime-db set size:undefined disposed:false
1245 http fetch GET 200 https://registry.npmjs.org/delayed-stream 63ms (cache miss)
1246 silly packumentCache full:https://registry.npmjs.org/delayed-stream set size:undefined disposed:false
1247 http fetch GET 200 https://registry.npmjs.org/es-errors 65ms (cache miss)
1248 silly packumentCache full:https://registry.npmjs.org/es-errors set size:undefined disposed:false
1249 silly placeDep ROOT delayed-stream@1.0.0 OK for: combined-stream@1.0.8 want: ~1.0.0
1250 silly placeDep ROOT es-errors@1.3.0 OK for: es-set-tostringtag@2.1.0 want: ^1.3.0
1251 silly placeDep ROOT get-intrinsic@1.3.0 OK for: es-set-tostringtag@2.1.0 want: ^1.2.6
1252 silly placeDep ROOT has-tostringtag@1.0.2 OK for: es-set-tostringtag@2.1.0 want: ^1.0.2
1253 silly fetch manifest gopd@^1.2.0
1254 silly packumentCache full:https://registry.npmjs.org/gopd cache-miss
1255 silly fetch manifest get-proto@^1.0.1
1256 silly packumentCache full:https://registry.npmjs.org/get-proto cache-miss
1257 silly fetch manifest has-symbols@^1.1.0
1258 silly packumentCache full:https://registry.npmjs.org/has-symbols cache-miss
1259 silly fetch manifest es-object-atoms@^1.1.1
1260 silly packumentCache full:https://registry.npmjs.org/es-object-atoms cache-miss
1261 silly fetch manifest math-intrinsics@^1.1.0
1262 silly packumentCache full:https://registry.npmjs.org/math-intrinsics cache-miss
1263 silly fetch manifest es-define-property@^1.0.1
1264 silly packumentCache full:https://registry.npmjs.org/es-define-property cache-miss
1265 silly fetch manifest call-bind-apply-helpers@^1.0.2
1266 silly packumentCache full:https://registry.npmjs.org/call-bind-apply-helpers cache-miss
1267 silly fetch manifest has-symbols@^1.0.3
1268 silly packumentCache full:https://registry.npmjs.org/has-symbols cache-miss
1269 http fetch GET 200 https://registry.npmjs.org/es-object-atoms 51ms (cache miss)
1270 silly packumentCache full:https://registry.npmjs.org/es-object-atoms set size:undefined disposed:false
1271 http fetch GET 200 https://registry.npmjs.org/call-bind-apply-helpers 51ms (cache miss)
1272 silly packumentCache full:https://registry.npmjs.org/call-bind-apply-helpers set size:undefined disposed:false
1273 http fetch GET 200 https://registry.npmjs.org/es-define-property 52ms (cache miss)
1274 silly packumentCache full:https://registry.npmjs.org/es-define-property set size:undefined disposed:false
1275 http fetch GET 200 https://registry.npmjs.org/get-proto 53ms (cache miss)
1276 silly packumentCache full:https://registry.npmjs.org/get-proto set size:undefined disposed:false
1277 http fetch GET 200 https://registry.npmjs.org/gopd 53ms (cache miss)
1278 silly packumentCache full:https://registry.npmjs.org/gopd set size:undefined disposed:false
1279 http fetch GET 200 https://registry.npmjs.org/has-symbols 53ms (cache miss)
1280 silly packumentCache full:https://registry.npmjs.org/has-symbols set size:undefined disposed:false
1281 http fetch GET 200 https://registry.npmjs.org/has-symbols 54ms (cache miss)
1282 silly packumentCache full:https://registry.npmjs.org/has-symbols set size:undefined disposed:false
1283 http fetch GET 200 https://registry.npmjs.org/math-intrinsics 61ms (cache miss)
1284 silly packumentCache full:https://registry.npmjs.org/math-intrinsics set size:undefined disposed:false
1285 silly placeDep ROOT call-bind-apply-helpers@1.0.2 OK for: get-intrinsic@1.3.0 want: ^1.0.2
1286 silly placeDep ROOT es-define-property@1.0.1 OK for: get-intrinsic@1.3.0 want: ^1.0.1
1287 silly placeDep ROOT es-object-atoms@1.1.2 OK for: get-intrinsic@1.3.0 want: ^1.1.1
1288 silly placeDep ROOT function-bind@1.1.2 OK for: get-intrinsic@1.3.0 want: ^1.1.2
1289 silly placeDep ROOT get-proto@1.0.1 OK for: get-intrinsic@1.3.0 want: ^1.0.1
1290 silly placeDep ROOT gopd@1.2.0 OK for: get-intrinsic@1.3.0 want: ^1.2.0
1291 silly placeDep ROOT has-symbols@1.1.0 OK for: get-intrinsic@1.3.0 want: ^1.1.0
1292 silly placeDep ROOT math-intrinsics@1.1.0 OK for: get-intrinsic@1.3.0 want: ^1.1.0
1293 silly fetch manifest dunder-proto@^1.0.1
1294 silly packumentCache full:https://registry.npmjs.org/dunder-proto cache-miss
1295 http fetch GET 200 https://registry.npmjs.org/dunder-proto 47ms (cache miss)
1296 silly packumentCache full:https://registry.npmjs.org/dunder-proto set size:undefined disposed:false
1297 silly placeDep ROOT dunder-proto@1.0.1 OK for: get-proto@1.0.1 want: ^1.0.1
1298 silly placeDep ROOT minipass@7.1.3 OK for: glob@13.0.6 want: ^7.1.3
1299 silly placeDep ROOT path-scurry@2.0.2 OK for: glob@13.0.6 want: ^2.0.2
1300 silly fetch manifest lru-cache@^11.0.0
1301 silly packumentCache full:https://registry.npmjs.org/lru-cache cache-miss
1302 http cache https://registry.npmjs.org/lru-cache 4ms (cache hit)
1303 silly packumentCache full:https://registry.npmjs.org/lru-cache set size:456196 disposed:false
1304 silly placeDep ROOT lru-cache@6.0.0 OK for: hosted-git-info@4.1.0 want: ^6.0.0
1305 silly fetch manifest yallist@^4.0.0
1306 silly packumentCache full:https://registry.npmjs.org/yallist cache-miss
1307 http fetch GET 200 https://registry.npmjs.org/yallist 45ms (cache miss)
1308 silly packumentCache full:https://registry.npmjs.org/yallist set size:undefined disposed:false
1309 silly placeDep node_modules/htmlparser2 entities@7.0.1 OK for: htmlparser2@10.1.0 want: ^7.0.1
1310 silly placeDep ROOT agent-base@7.1.4 OK for: http-proxy-agent@7.0.2 want: ^7.1.0
1311 silly placeDep ROOT safer-buffer@2.1.2 OK for: iconv-lite@0.6.3 want: >= 2.1.2 < 3.0.0
1312 silly placeDep ROOT binaryextensions@6.11.0 OK for: istextorbinary@9.5.0 want: ^6.11.0
1313 silly placeDep ROOT editions@6.22.0 OK for: istextorbinary@9.5.0 want: ^6.21.0
1314 silly placeDep ROOT textextensions@6.11.0 OK for: istextorbinary@9.5.0 want: ^6.11.0
1315 silly fetch manifest version-range@^4.15.0
1316 silly packumentCache full:https://registry.npmjs.org/version-range cache-miss
1317 http fetch GET 200 https://registry.npmjs.org/version-range 294ms (cache miss)
1318 silly packumentCache full:https://registry.npmjs.org/version-range set size:undefined disposed:false
1319 silly placeDep ROOT version-range@4.15.0 OK for: editions@6.22.0 want: ^4.15.0
1320 silly placeDep ROOT argparse@2.0.1 OK for: js-yaml@4.3.0 want: ^2.0.1
1321 silly placeDep ROOT jws@4.0.1 OK for: jsonwebtoken@9.0.3 want: ^4.0.1
1322 silly placeDep ROOT lodash.includes@4.3.0 OK for: jsonwebtoken@9.0.3 want: ^4.3.0
1323 silly placeDep ROOT lodash.isboolean@3.0.3 OK for: jsonwebtoken@9.0.3 want: ^3.0.3
1324 silly placeDep ROOT lodash.isinteger@4.0.4 OK for: jsonwebtoken@9.0.3 want: ^4.0.4
1325 silly placeDep ROOT lodash.isnumber@3.0.3 OK for: jsonwebtoken@9.0.3 want: ^3.0.3
1326 silly placeDep ROOT lodash.isplainobject@4.0.6 OK for: jsonwebtoken@9.0.3 want: ^4.0.6
1327 silly placeDep ROOT lodash.isstring@4.0.1 OK for: jsonwebtoken@9.0.3 want: ^4.0.1
1328 silly placeDep ROOT lodash.once@4.1.1 OK for: jsonwebtoken@9.0.3 want: ^4.0.0
1329 silly fetch manifest jwa@^2.0.1
1330 silly packumentCache full:https://registry.npmjs.org/jwa cache-miss
1331 silly fetch manifest safe-buffer@^5.0.1
1332 silly packumentCache full:https://registry.npmjs.org/safe-buffer cache-miss
1333 http fetch GET 200 https://registry.npmjs.org/safe-buffer 49ms (cache miss)
1334 silly packumentCache full:https://registry.npmjs.org/safe-buffer set size:undefined disposed:false
1335 http fetch GET 200 https://registry.npmjs.org/jwa 56ms (cache miss)
1336 silly packumentCache full:https://registry.npmjs.org/jwa set size:undefined disposed:false
1337 silly placeDep ROOT jwa@2.0.1 OK for: jws@4.0.1 want: ^2.0.1
1338 silly placeDep ROOT safe-buffer@5.2.1 OK for: jws@4.0.1 want: ^5.0.1
1339 silly fetch manifest ecdsa-sig-formatter@1.0.11
1340 silly packumentCache full:https://registry.npmjs.org/ecdsa-sig-formatter cache-miss
1341 silly fetch manifest buffer-equal-constant-time@^1.0.1
1342 silly packumentCache full:https://registry.npmjs.org/buffer-equal-constant-time cache-miss
1343 http fetch GET 200 https://registry.npmjs.org/ecdsa-sig-formatter 51ms (cache miss)
1344 silly packumentCache full:https://registry.npmjs.org/ecdsa-sig-formatter set size:undefined disposed:false
1345 http fetch GET 200 https://registry.npmjs.org/buffer-equal-constant-time 72ms (cache miss)
1346 silly packumentCache full:https://registry.npmjs.org/buffer-equal-constant-time set size:undefined disposed:false
1347 silly placeDep ROOT buffer-equal-constant-time@1.0.1 OK for: jwa@2.0.1 want: ^1.0.1
1348 silly placeDep ROOT ecdsa-sig-formatter@1.0.11 OK for: jwa@2.0.1 want: 1.0.11
1349 silly placeDep ROOT node-addon-api@4.3.0 OK for: keytar@7.9.0 want: ^4.3.0
1350 silly placeDep ROOT prebuild-install@7.1.3 OK for: keytar@7.9.0 want: ^7.0.1
1351 silly fetch manifest rc@^1.2.7
1352 silly packumentCache full:https://registry.npmjs.org/rc cache-miss
1353 silly fetch manifest pump@^3.0.0
1354 silly packumentCache full:https://registry.npmjs.org/pump cache-miss
1355 silly fetch manifest tar-fs@^2.0.0
1356 silly packumentCache full:https://registry.npmjs.org/tar-fs cache-miss
1357 silly fetch manifest minimist@^1.2.3
1358 silly packumentCache full:https://registry.npmjs.org/minimist cache-miss
1359 silly fetch manifest node-abi@^3.3.0
1360 silly packumentCache full:https://registry.npmjs.org/node-abi cache-miss
1361 silly fetch manifest simple-get@^4.0.0
1362 silly packumentCache full:https://registry.npmjs.org/simple-get cache-miss
1363 silly fetch manifest detect-libc@^2.0.0
1364 silly packumentCache full:https://registry.npmjs.org/detect-libc cache-miss
1365 silly fetch manifest tunnel-agent@^0.6.0
1366 silly packumentCache full:https://registry.npmjs.org/tunnel-agent cache-miss
1367 silly fetch manifest mkdirp-classic@^0.5.3
1368 silly packumentCache full:https://registry.npmjs.org/mkdirp-classic cache-miss
1369 silly fetch manifest expand-template@^2.0.3
1370 silly packumentCache full:https://registry.npmjs.org/expand-template cache-miss
1371 silly fetch manifest napi-build-utils@^2.0.0
1372 silly packumentCache full:https://registry.npmjs.org/napi-build-utils cache-miss
1373 silly fetch manifest github-from-package@0.0.0
1374 silly packumentCache full:https://registry.npmjs.org/github-from-package cache-miss
1375 http fetch GET 200 https://registry.npmjs.org/detect-libc 81ms (cache miss)
1376 silly packumentCache full:https://registry.npmjs.org/detect-libc set size:undefined disposed:false
1377 http fetch GET 200 https://registry.npmjs.org/tunnel-agent 82ms (cache miss)
1378 silly packumentCache full:https://registry.npmjs.org/tunnel-agent set size:undefined disposed:false
1379 http fetch GET 200 https://registry.npmjs.org/github-from-package 82ms (cache miss)
1380 silly packumentCache full:https://registry.npmjs.org/github-from-package set size:undefined disposed:false
1381 http fetch GET 200 https://registry.npmjs.org/napi-build-utils 83ms (cache miss)
1382 silly packumentCache full:https://registry.npmjs.org/napi-build-utils set size:undefined disposed:false
1383 http fetch GET 200 https://registry.npmjs.org/expand-template 83ms (cache miss)
1384 silly packumentCache full:https://registry.npmjs.org/expand-template set size:undefined disposed:false
1385 http fetch GET 200 https://registry.npmjs.org/mkdirp-classic 85ms (cache miss)
1386 silly packumentCache full:https://registry.npmjs.org/mkdirp-classic set size:undefined disposed:false
1387 http fetch GET 200 https://registry.npmjs.org/minimist 86ms (cache miss)
1388 silly packumentCache full:https://registry.npmjs.org/minimist set size:undefined disposed:false
1389 http fetch GET 200 https://registry.npmjs.org/pump 88ms (cache miss)
1390 silly packumentCache full:https://registry.npmjs.org/pump set size:undefined disposed:false
1391 http fetch GET 200 https://registry.npmjs.org/rc 90ms (cache miss)
1392 silly packumentCache full:https://registry.npmjs.org/rc set size:undefined disposed:false
1393 http fetch GET 200 https://registry.npmjs.org/simple-get 89ms (cache miss)
1394 silly packumentCache full:https://registry.npmjs.org/simple-get set size:undefined disposed:false
1395 http fetch GET 200 https://registry.npmjs.org/tar-fs 97ms (cache miss)
1396 silly packumentCache full:https://registry.npmjs.org/tar-fs set size:undefined disposed:false
1397 http fetch GET 200 https://registry.npmjs.org/node-abi 100ms (cache miss)
1398 silly packumentCache full:https://registry.npmjs.org/node-abi set size:undefined disposed:false
1399 silly placeDep ROOT yallist@4.0.0 OK for: lru-cache@6.0.0 want: ^4.0.0
1400 silly placeDep ROOT linkify-it@5.0.2 OK for: markdown-it@14.3.0 want: ^5.0.2
1401 silly placeDep ROOT mdurl@2.0.0 OK for: markdown-it@14.3.0 want: ^2.0.0
1402 silly placeDep ROOT punycode.js@2.3.1 OK for: markdown-it@14.3.0 want: ^2.3.1
1403 silly placeDep ROOT uc.micro@2.1.0 OK for: markdown-it@14.3.0 want: ^2.1.0
1404 silly fetch manifest uc.micro@^2.0.0
1405 silly packumentCache full:https://registry.npmjs.org/uc.micro cache-miss
1406 http cache https://registry.npmjs.org/uc.micro 4ms (cache hit)
1407 silly packumentCache full:https://registry.npmjs.org/uc.micro set size:16457 disposed:false
1408 silly placeDep ROOT mime-db@1.52.0 OK for: mime-types@2.1.35 want: 1.52.0
1409 silly placeDep ROOT brace-expansion@5.0.7 OK for: minimatch@10.2.5 want: ^5.0.5
1410 silly fetch manifest balanced-match@^4.0.2
1411 silly packumentCache full:https://registry.npmjs.org/balanced-match cache-miss
1412 http fetch GET 200 https://registry.npmjs.org/balanced-match 64ms (cache miss)
1413 silly packumentCache full:https://registry.npmjs.org/balanced-match set size:undefined disposed:false
1414 silly placeDep ROOT balanced-match@4.0.4 OK for: brace-expansion@5.0.7 want: ^4.0.2
1415 silly placeDep ROOT @types/sarif@2.1.7 OK for: node-sarif-builder@3.4.0 want: ^2.1.7
1416 silly placeDep ROOT fs-extra@11.3.6 OK for: node-sarif-builder@3.4.0 want: ^11.1.1
1417 silly fetch manifest graceful-fs@^4.2.0
1418 silly packumentCache full:https://registry.npmjs.org/graceful-fs cache-miss
1419 silly fetch manifest jsonfile@^6.0.1
1420 silly packumentCache full:https://registry.npmjs.org/jsonfile cache-miss
1421 silly fetch manifest universalify@^2.0.0
1422 silly packumentCache full:https://registry.npmjs.org/universalify cache-miss
1423 http fetch GET 200 https://registry.npmjs.org/jsonfile 54ms (cache miss)
1424 silly packumentCache full:https://registry.npmjs.org/jsonfile set size:undefined disposed:false
1425 http fetch GET 200 https://registry.npmjs.org/universalify 56ms (cache miss)
1426 silly packumentCache full:https://registry.npmjs.org/universalify set size:undefined disposed:false
1427 http fetch GET 200 https://registry.npmjs.org/graceful-fs 58ms (cache miss)
1428 silly packumentCache full:https://registry.npmjs.org/graceful-fs set size:undefined disposed:false
1429 silly placeDep ROOT graceful-fs@4.2.11 OK for: fs-extra@11.3.6 want: ^4.2.0
1430 silly placeDep ROOT jsonfile@6.2.1 OK for: fs-extra@11.3.6 want: ^6.0.1
1431 silly placeDep ROOT universalify@2.0.1 OK for: fs-extra@11.3.6 want: ^2.0.0
1432 silly placeDep ROOT default-browser@5.5.0 OK for: open@10.2.0 want: ^5.2.1
1433 silly placeDep ROOT define-lazy-prop@3.0.0 OK for: open@10.2.0 want: ^3.0.0
1434 silly placeDep ROOT is-inside-container@1.0.0 OK for: open@10.2.0 want: ^1.0.0
1435 silly placeDep ROOT wsl-utils@0.1.0 OK for: open@10.2.0 want: ^0.1.0
1436 silly fetch manifest bundle-name@^4.1.0
1437 silly packumentCache full:https://registry.npmjs.org/bundle-name cache-miss
1438 silly fetch manifest default-browser-id@^5.0.0
1439 silly packumentCache full:https://registry.npmjs.org/default-browser-id cache-miss
1440 silly fetch manifest is-docker@^3.0.0
1441 silly packumentCache full:https://registry.npmjs.org/is-docker cache-miss
1442 silly fetch manifest is-wsl@^3.1.0
1443 silly packumentCache full:https://registry.npmjs.org/is-wsl cache-miss
1444 http fetch GET 200 https://registry.npmjs.org/bundle-name 49ms (cache miss)
1445 silly packumentCache full:https://registry.npmjs.org/bundle-name set size:undefined disposed:false
1446 http fetch GET 200 https://registry.npmjs.org/default-browser-id 51ms (cache miss)
1447 silly packumentCache full:https://registry.npmjs.org/default-browser-id set size:undefined disposed:false
1448 http fetch GET 200 https://registry.npmjs.org/is-docker 53ms (cache miss)
1449 silly packumentCache full:https://registry.npmjs.org/is-docker set size:undefined disposed:false
1450 http fetch GET 200 https://registry.npmjs.org/is-wsl 59ms (cache miss)
1451 silly packumentCache full:https://registry.npmjs.org/is-wsl set size:undefined disposed:false
1452 silly placeDep ROOT bundle-name@4.1.0 OK for: default-browser@5.5.0 want: ^4.1.0
1453 silly placeDep ROOT default-browser-id@5.0.1 OK for: default-browser@5.5.0 want: ^5.0.0
1454 silly fetch manifest run-applescript@^7.0.0
1455 silly packumentCache full:https://registry.npmjs.org/run-applescript cache-miss
1456 http fetch GET 200 https://registry.npmjs.org/run-applescript 56ms (cache miss)
1457 silly packumentCache full:https://registry.npmjs.org/run-applescript set size:undefined disposed:false
1458 silly placeDep ROOT run-applescript@7.1.0 OK for: bundle-name@4.1.0 want: ^7.0.0
1459 silly placeDep ROOT is-docker@3.0.0 OK for: is-inside-container@1.0.0 want: ^3.0.0
1460 silly placeDep node_modules/parse-semver semver@5.7.2 OK for: parse-semver@1.1.1 want: ^5.1.0
1461 silly placeDep node_modules/parse5 entities@6.0.1 OK for: parse5@7.3.0 want: ^6.0.0
1462 silly placeDep node_modules/path-scurry lru-cache@11.5.1 OK for: path-scurry@2.0.2 want: ^11.0.0
1463 silly placeDep ROOT detect-libc@2.1.2 OK for: prebuild-install@7.1.3 want: ^2.0.0
1464 silly placeDep ROOT expand-template@2.0.3 OK for: prebuild-install@7.1.3 want: ^2.0.3
1465 silly placeDep ROOT github-from-package@0.0.0 OK for: prebuild-install@7.1.3 want: 0.0.0
1466 silly placeDep ROOT minimist@1.2.8 OK for: prebuild-install@7.1.3 want: ^1.2.3
1467 silly placeDep ROOT mkdirp-classic@0.5.3 OK for: prebuild-install@7.1.3 want: ^0.5.3
1468 silly placeDep ROOT napi-build-utils@2.0.0 OK for: prebuild-install@7.1.3 want: ^2.0.0
1469 silly placeDep ROOT node-abi@3.94.0 OK for: prebuild-install@7.1.3 want: ^3.3.0
1470 silly placeDep ROOT pump@3.0.4 OK for: prebuild-install@7.1.3 want: ^3.0.0
1471 silly placeDep ROOT rc@1.2.8 OK for: prebuild-install@7.1.3 want: ^1.2.7
1472 silly placeDep ROOT simple-get@4.0.1 OK for: prebuild-install@7.1.3 want: ^4.0.0
1473 silly placeDep ROOT tar-fs@2.1.5 OK for: prebuild-install@7.1.3 want: ^2.0.0
1474 silly placeDep ROOT tunnel-agent@0.6.0 OK for: prebuild-install@7.1.3 want: ^0.6.0
1475 silly fetch manifest end-of-stream@^1.1.0
1476 silly packumentCache full:https://registry.npmjs.org/end-of-stream cache-miss
1477 silly fetch manifest once@^1.3.1
1478 silly packumentCache full:https://registry.npmjs.org/once cache-miss
1479 silly fetch manifest ini@~1.3.0
1480 silly packumentCache full:https://registry.npmjs.org/ini cache-miss
1481 silly fetch manifest deep-extend@^0.6.0
1482 silly packumentCache full:https://registry.npmjs.org/deep-extend cache-miss
1483 silly fetch manifest strip-json-comments@~2.0.1
1484 silly packumentCache full:https://registry.npmjs.org/strip-json-comments cache-miss
1485 silly fetch manifest decompress-response@^6.0.0
1486 silly packumentCache full:https://registry.npmjs.org/decompress-response cache-miss
1487 silly fetch manifest once@^1.3.1
1488 silly packumentCache full:https://registry.npmjs.org/once cache-miss
1489 silly fetch manifest simple-concat@^1.0.0
1490 silly packumentCache full:https://registry.npmjs.org/simple-concat cache-miss
1491 silly fetch manifest chownr@^1.1.1
1492 silly packumentCache full:https://registry.npmjs.org/chownr cache-miss
1493 silly fetch manifest tar-stream@^2.1.4
1494 silly packumentCache full:https://registry.npmjs.org/tar-stream cache-miss
1495 http fetch GET 200 https://registry.npmjs.org/once 70ms (cache miss)
1496 silly packumentCache full:https://registry.npmjs.org/once set size:undefined disposed:false
1497 http fetch GET 200 https://registry.npmjs.org/chownr 71ms (cache miss)
1498 silly packumentCache full:https://registry.npmjs.org/chownr set size:undefined disposed:false
1499 http fetch GET 200 https://registry.npmjs.org/decompress-response 73ms (cache miss)
1500 silly packumentCache full:https://registry.npmjs.org/decompress-response set size:undefined disposed:false
1501 http fetch GET 200 https://registry.npmjs.org/once 76ms (cache miss)
1502 silly packumentCache full:https://registry.npmjs.org/once set size:undefined disposed:false
1503 http fetch GET 200 https://registry.npmjs.org/strip-json-comments 76ms (cache miss)
1504 silly packumentCache full:https://registry.npmjs.org/strip-json-comments set size:undefined disposed:false
1505 http fetch GET 200 https://registry.npmjs.org/end-of-stream 79ms (cache miss)
1506 silly packumentCache full:https://registry.npmjs.org/end-of-stream set size:undefined disposed:false
1507 http fetch GET 200 https://registry.npmjs.org/simple-concat 79ms (cache miss)
1508 silly packumentCache full:https://registry.npmjs.org/simple-concat set size:undefined disposed:false
1509 http fetch GET 200 https://registry.npmjs.org/deep-extend 80ms (cache miss)
1510 silly packumentCache full:https://registry.npmjs.org/deep-extend set size:undefined disposed:false
1511 http fetch GET 200 https://registry.npmjs.org/tar-stream 80ms (cache miss)
1512 silly packumentCache full:https://registry.npmjs.org/tar-stream set size:undefined disposed:false
1513 http fetch GET 200 https://registry.npmjs.org/ini 84ms (cache miss)
1514 silly packumentCache full:https://registry.npmjs.org/ini set size:undefined disposed:false
1515 silly placeDep ROOT end-of-stream@1.4.5 OK for: pump@3.0.4 want: ^1.1.0
1516 silly placeDep ROOT once@1.4.0 OK for: pump@3.0.4 want: ^1.3.1
1517 silly fetch manifest once@^1.4.0
1518 silly packumentCache full:https://registry.npmjs.org/once cache-miss
1519 silly fetch manifest wrappy@1
1520 silly packumentCache full:https://registry.npmjs.org/wrappy cache-miss
1521 http cache https://registry.npmjs.org/once 4ms (cache hit)
1522 silly packumentCache full:https://registry.npmjs.org/once set size:11752 disposed:false
1523 http fetch GET 200 https://registry.npmjs.org/wrappy 52ms (cache miss)
1524 silly packumentCache full:https://registry.npmjs.org/wrappy set size:undefined disposed:false
1525 silly placeDep ROOT wrappy@1.0.2 OK for: once@1.4.0 want: 1
1526 silly placeDep ROOT deep-extend@0.6.0 OK for: rc@1.2.8 want: ^0.6.0
1527 silly placeDep ROOT ini@1.3.8 OK for: rc@1.2.8 want: ~1.3.0
1528 silly placeDep ROOT strip-json-comments@2.0.1 OK for: rc@1.2.8 want: ~2.0.1
1529 silly placeDep ROOT json5@2.2.3 OK for: rc-config-loader@4.1.4 want: ^2.2.3
1530 silly placeDep ROOT mute-stream@0.0.8 OK for: read@1.0.7 want: ~0.0.4
1531 silly placeDep ROOT @secretlint/config-creator@10.2.2 OK for: secretlint@10.2.2 want: ^10.2.2
1532 silly placeDep ROOT globby@14.1.0 OK for: secretlint@10.2.2 want: ^14.1.0
1533 silly placeDep ROOT read-pkg@9.0.1 OK for: secretlint@10.2.2 want: ^9.0.1
1534 silly fetch manifest slash@^5.1.0
1535 silly packumentCache full:https://registry.npmjs.org/slash cache-miss
1536 silly fetch manifest ignore@^7.0.3
1537 silly packumentCache full:https://registry.npmjs.org/ignore cache-miss
1538 silly fetch manifest fast-glob@^3.3.3
1539 silly packumentCache full:https://registry.npmjs.org/fast-glob cache-miss
1540 silly fetch manifest path-type@^6.0.0
1541 silly packumentCache full:https://registry.npmjs.org/path-type cache-miss
1542 silly fetch manifest unicorn-magic@^0.3.0
1543 silly packumentCache full:https://registry.npmjs.org/unicorn-magic cache-miss
1544 silly fetch manifest @sindresorhus/merge-streams@^2.1.0
1545 silly packumentCache full:https://registry.npmjs.org/@sindresorhus%2fmerge-streams cache-miss
1546 silly fetch manifest type-fest@^4.6.0
1547 silly packumentCache full:https://registry.npmjs.org/type-fest cache-miss
1548 silly fetch manifest parse-json@^8.0.0
1549 silly packumentCache full:https://registry.npmjs.org/parse-json cache-miss
1550 silly fetch manifest unicorn-magic@^0.1.0
1551 silly packumentCache full:https://registry.npmjs.org/unicorn-magic cache-miss
1552 silly fetch manifest normalize-package-data@^6.0.0
1553 silly packumentCache full:https://registry.npmjs.org/normalize-package-data cache-miss
1554 silly fetch manifest @types/normalize-package-data@^2.4.3
1555 silly packumentCache full:https://registry.npmjs.org/@types%2fnormalize-package-data cache-miss
1556 http fetch GET 200 https://registry.npmjs.org/unicorn-magic 60ms (cache miss)
1557 silly packumentCache full:https://registry.npmjs.org/unicorn-magic set size:undefined disposed:false
1558 http fetch GET 200 https://registry.npmjs.org/path-type 72ms (cache miss)
1559 silly packumentCache full:https://registry.npmjs.org/path-type set size:undefined disposed:false
1560 http fetch GET 200 https://registry.npmjs.org/unicorn-magic 73ms (cache miss)
1561 silly packumentCache full:https://registry.npmjs.org/unicorn-magic set size:undefined disposed:false
1562 http fetch GET 200 https://registry.npmjs.org/parse-json 75ms (cache miss)
1563 silly packumentCache full:https://registry.npmjs.org/parse-json set size:undefined disposed:false
1564 http fetch GET 200 https://registry.npmjs.org/@types%2fnormalize-package-data 74ms (cache miss)
1565 silly packumentCache full:https://registry.npmjs.org/@types%2fnormalize-package-data set size:undefined disposed:false
1566 http fetch GET 200 https://registry.npmjs.org/slash 77ms (cache miss)
1567 silly packumentCache full:https://registry.npmjs.org/slash set size:undefined disposed:false
1568 http fetch GET 200 https://registry.npmjs.org/@sindresorhus%2fmerge-streams 77ms (cache miss)
1569 silly packumentCache full:https://registry.npmjs.org/@sindresorhus%2fmerge-streams set size:undefined disposed:false
1570 http fetch GET 200 https://registry.npmjs.org/normalize-package-data 78ms (cache miss)
1571 silly packumentCache full:https://registry.npmjs.org/normalize-package-data set size:undefined disposed:false
1572 http fetch GET 200 https://registry.npmjs.org/fast-glob 80ms (cache miss)
1573 silly packumentCache full:https://registry.npmjs.org/fast-glob set size:undefined disposed:false
1574 http fetch GET 200 https://registry.npmjs.org/ignore 83ms (cache miss)
1575 silly packumentCache full:https://registry.npmjs.org/ignore set size:undefined disposed:false
1576 http fetch GET 200 https://registry.npmjs.org/type-fest 85ms (cache miss)
1577 silly packumentCache full:https://registry.npmjs.org/type-fest set size:undefined disposed:false
1578 silly placeDep ROOT @sindresorhus/merge-streams@2.3.0 OK for: globby@14.1.0 want: ^2.1.0
1579 silly placeDep ROOT fast-glob@3.3.3 OK for: globby@14.1.0 want: ^3.3.3
1580 silly placeDep ROOT ignore@7.0.5 OK for: globby@14.1.0 want: ^7.0.3
1581 silly placeDep ROOT path-type@6.0.0 OK for: globby@14.1.0 want: ^6.0.0
1582 silly placeDep ROOT slash@5.1.0 OK for: globby@14.1.0 want: ^5.1.0
1583 silly placeDep ROOT unicorn-magic@0.3.0 OK for: globby@14.1.0 want: ^0.3.0
1584 silly fetch manifest @nodelib/fs.stat@^2.0.2
1585 silly packumentCache full:https://registry.npmjs.org/@nodelib%2ffs.stat cache-miss
1586 silly fetch manifest @nodelib/fs.walk@^1.2.3
1587 silly packumentCache full:https://registry.npmjs.org/@nodelib%2ffs.walk cache-miss
1588 silly fetch manifest glob-parent@^5.1.2
1589 silly packumentCache full:https://registry.npmjs.org/glob-parent cache-miss
1590 silly fetch manifest merge2@^1.3.0
1591 silly packumentCache full:https://registry.npmjs.org/merge2 cache-miss
1592 silly fetch manifest micromatch@^4.0.8
1593 silly packumentCache full:https://registry.npmjs.org/micromatch cache-miss
1594 http fetch GET 200 https://registry.npmjs.org/merge2 48ms (cache miss)
1595 silly packumentCache full:https://registry.npmjs.org/merge2 set size:undefined disposed:false
1596 http fetch GET 200 https://registry.npmjs.org/@nodelib%2ffs.walk 58ms (cache miss)
1597 silly packumentCache full:https://registry.npmjs.org/@nodelib%2ffs.walk set size:undefined disposed:false
1598 http fetch GET 200 https://registry.npmjs.org/glob-parent 61ms (cache miss)
1599 silly packumentCache full:https://registry.npmjs.org/glob-parent set size:undefined disposed:false
1600 http fetch GET 200 https://registry.npmjs.org/micromatch 68ms (cache miss)
1601 silly packumentCache full:https://registry.npmjs.org/micromatch set size:undefined disposed:false
1602 http fetch GET 200 https://registry.npmjs.org/@nodelib%2ffs.stat 75ms (cache miss)
1603 silly packumentCache full:https://registry.npmjs.org/@nodelib%2ffs.stat set size:undefined disposed:false
1604 silly placeDep ROOT @nodelib/fs.stat@2.0.5 OK for: fast-glob@3.3.3 want: ^2.0.2
1605 silly placeDep ROOT @nodelib/fs.walk@1.2.8 OK for: fast-glob@3.3.3 want: ^1.2.3
1606 silly placeDep ROOT glob-parent@5.1.2 OK for: fast-glob@3.3.3 want: ^5.1.2
1607 silly placeDep ROOT merge2@1.4.1 OK for: fast-glob@3.3.3 want: ^1.3.0
1608 silly placeDep ROOT micromatch@4.0.8 OK for: fast-glob@3.3.3 want: ^4.0.8
1609 silly fetch manifest fastq@^1.6.0
1610 silly packumentCache full:https://registry.npmjs.org/fastq cache-miss
1611 silly fetch manifest @nodelib/fs.scandir@2.1.5
1612 silly packumentCache full:https://registry.npmjs.org/@nodelib%2ffs.scandir cache-miss
1613 silly fetch manifest is-glob@^4.0.1
1614 silly packumentCache full:https://registry.npmjs.org/is-glob cache-miss
1615 silly fetch manifest braces@^3.0.3
1616 silly packumentCache full:https://registry.npmjs.org/braces cache-miss
1617 silly fetch manifest picomatch@^2.3.1
1618 silly packumentCache full:https://registry.npmjs.org/picomatch cache-miss
1619 http fetch GET 200 https://registry.npmjs.org/fastq 47ms (cache miss)
1620 silly packumentCache full:https://registry.npmjs.org/fastq set size:undefined disposed:false
1621 http fetch GET 200 https://registry.npmjs.org/picomatch 49ms (cache miss)
1622 silly packumentCache full:https://registry.npmjs.org/picomatch set size:undefined disposed:false
1623 http fetch GET 200 https://registry.npmjs.org/is-glob 52ms (cache miss)
1624 silly packumentCache full:https://registry.npmjs.org/is-glob set size:undefined disposed:false
1625 http fetch GET 200 https://registry.npmjs.org/braces 56ms (cache miss)
1626 silly packumentCache full:https://registry.npmjs.org/braces set size:undefined disposed:false
1627 http fetch GET 200 https://registry.npmjs.org/@nodelib%2ffs.scandir 71ms (cache miss)
1628 silly packumentCache full:https://registry.npmjs.org/@nodelib%2ffs.scandir set size:undefined disposed:false
1629 silly placeDep ROOT @nodelib/fs.scandir@2.1.5 OK for: @nodelib/fs.walk@1.2.8 want: 2.1.5
1630 silly placeDep ROOT fastq@1.20.1 OK for: @nodelib/fs.walk@1.2.8 want: ^1.6.0
1631 silly fetch manifest run-parallel@^1.1.9
1632 silly packumentCache full:https://registry.npmjs.org/run-parallel cache-miss
1633 silly fetch manifest reusify@^1.0.4
1634 silly packumentCache full:https://registry.npmjs.org/reusify cache-miss
1635 http fetch GET 200 https://registry.npmjs.org/run-parallel 48ms (cache miss)
1636 silly packumentCache full:https://registry.npmjs.org/run-parallel set size:undefined disposed:false
1637 http fetch GET 200 https://registry.npmjs.org/reusify 57ms (cache miss)
1638 silly packumentCache full:https://registry.npmjs.org/reusify set size:undefined disposed:false
1639 silly placeDep ROOT run-parallel@1.2.0 OK for: @nodelib/fs.scandir@2.1.5 want: ^1.1.9
1640 silly fetch manifest queue-microtask@^1.2.2
1641 silly packumentCache full:https://registry.npmjs.org/queue-microtask cache-miss
1642 http fetch GET 200 https://registry.npmjs.org/queue-microtask 47ms (cache miss)
1643 silly packumentCache full:https://registry.npmjs.org/queue-microtask set size:undefined disposed:false
1644 silly placeDep ROOT reusify@1.1.0 OK for: fastq@1.20.1 want: ^1.0.4
1645 silly placeDep ROOT is-glob@4.0.3 OK for: glob-parent@5.1.2 want: ^4.0.1
1646 silly fetch manifest is-extglob@^2.1.1
1647 silly packumentCache full:https://registry.npmjs.org/is-extglob cache-miss
1648 http fetch GET 200 https://registry.npmjs.org/is-extglob 49ms (cache miss)
1649 silly packumentCache full:https://registry.npmjs.org/is-extglob set size:undefined disposed:false
1650 silly placeDep ROOT is-extglob@2.1.1 OK for: is-glob@4.0.3 want: ^2.1.1
1651 silly placeDep ROOT braces@3.0.3 OK for: micromatch@4.0.8 want: ^3.0.3
1652 silly placeDep ROOT picomatch@2.3.2 OK for: micromatch@4.0.8 want: ^2.3.1
1653 silly fetch manifest fill-range@^7.1.1
1654 silly packumentCache full:https://registry.npmjs.org/fill-range cache-miss
1655 http fetch GET 200 https://registry.npmjs.org/fill-range 50ms (cache miss)
1656 silly packumentCache full:https://registry.npmjs.org/fill-range set size:undefined disposed:false
1657 silly placeDep ROOT fill-range@7.1.1 OK for: braces@3.0.3 want: ^7.1.1
1658 silly fetch manifest to-regex-range@^5.0.1
1659 silly packumentCache full:https://registry.npmjs.org/to-regex-range cache-miss
1660 http fetch GET 200 https://registry.npmjs.org/to-regex-range 52ms (cache miss)
1661 silly packumentCache full:https://registry.npmjs.org/to-regex-range set size:undefined disposed:false
1662 silly placeDep ROOT to-regex-range@5.0.1 OK for: fill-range@7.1.1 want: ^5.0.1
1663 silly fetch manifest is-number@^7.0.0
1664 silly packumentCache full:https://registry.npmjs.org/is-number cache-miss
1665 http fetch GET 200 https://registry.npmjs.org/is-number 56ms (cache miss)
1666 silly packumentCache full:https://registry.npmjs.org/is-number set size:undefined disposed:false
1667 silly placeDep ROOT @types/normalize-package-data@2.4.4 OK for: read-pkg@9.0.1 want: ^2.4.3
1668 silly placeDep ROOT normalize-package-data@6.0.2 OK for: read-pkg@9.0.1 want: ^6.0.0
1669 silly placeDep ROOT parse-json@8.3.0 OK for: read-pkg@9.0.1 want: ^8.0.0
1670 silly placeDep ROOT type-fest@4.41.0 OK for: read-pkg@9.0.1 want: ^4.6.0
1671 silly placeDep node_modules/read-pkg unicorn-magic@0.1.0 OK for: read-pkg@9.0.1 want: ^0.1.0
1672 silly fetch manifest hosted-git-info@^7.0.0
1673 silly packumentCache full:https://registry.npmjs.org/hosted-git-info cache-miss
1674 silly fetch manifest validate-npm-package-license@^3.0.4
1675 silly packumentCache full:https://registry.npmjs.org/validate-npm-package-license cache-miss
1676 silly fetch manifest @babel/code-frame@^7.26.2
1677 silly packumentCache full:https://registry.npmjs.org/@babel%2fcode-frame cache-miss
1678 silly fetch manifest index-to-position@^1.1.0
1679 silly packumentCache full:https://registry.npmjs.org/index-to-position cache-miss
1680 silly fetch manifest type-fest@^4.39.1
1681 silly packumentCache full:https://registry.npmjs.org/type-fest cache-miss
1682 http cache https://registry.npmjs.org/hosted-git-info 4ms (cache hit)
1683 silly packumentCache full:https://registry.npmjs.org/hosted-git-info set size:190196 disposed:false
1684 http cache https://registry.npmjs.org/type-fest 6ms (cache hit)
1685 silly packumentCache full:https://registry.npmjs.org/type-fest set size:563278 disposed:false
1686 http fetch GET 200 https://registry.npmjs.org/index-to-position 47ms (cache miss)
1687 silly packumentCache full:https://registry.npmjs.org/index-to-position set size:undefined disposed:false
1688 http fetch GET 200 https://registry.npmjs.org/validate-npm-package-license 52ms (cache miss)
1689 silly packumentCache full:https://registry.npmjs.org/validate-npm-package-license set size:undefined disposed:false
1690 http fetch GET 200 https://registry.npmjs.org/@babel%2fcode-frame 56ms (cache miss)
1691 silly packumentCache full:https://registry.npmjs.org/@babel%2fcode-frame set size:undefined disposed:false
1692 silly placeDep node_modules/normalize-package-data hosted-git-info@7.0.2 OK for: normalize-package-data@6.0.2 want: ^7.0.0
1693 silly placeDep ROOT validate-npm-package-license@3.0.4 OK for: normalize-package-data@6.0.2 want: ^3.0.4
1694 silly fetch manifest lru-cache@^10.0.1
1695 silly packumentCache full:https://registry.npmjs.org/lru-cache cache-hit
1696 silly fetch manifest spdx-correct@^3.0.0
1697 silly packumentCache full:https://registry.npmjs.org/spdx-correct cache-miss
1698 silly fetch manifest spdx-expression-parse@^3.0.0
1699 silly packumentCache full:https://registry.npmjs.org/spdx-expression-parse cache-miss
1700 http fetch GET 200 https://registry.npmjs.org/spdx-expression-parse 54ms (cache miss)
1701 silly packumentCache full:https://registry.npmjs.org/spdx-expression-parse set size:undefined disposed:false
1702 http fetch GET 200 https://registry.npmjs.org/spdx-correct 85ms (cache miss)
1703 silly packumentCache full:https://registry.npmjs.org/spdx-correct set size:undefined disposed:false
1704 silly placeDep ROOT @babel/code-frame@7.29.7 OK for: parse-json@8.3.0 want: ^7.26.2
1705 silly placeDep ROOT index-to-position@1.2.0 OK for: parse-json@8.3.0 want: ^1.1.0
1706 silly fetch manifest js-tokens@^4.0.0
1707 silly packumentCache full:https://registry.npmjs.org/js-tokens cache-miss
1708 silly fetch manifest picocolors@^1.1.1
1709 silly packumentCache full:https://registry.npmjs.org/picocolors cache-miss
1710 silly fetch manifest @babel/helper-validator-identifier@^7.29.7
1711 silly packumentCache full:https://registry.npmjs.org/@babel%2fhelper-validator-identifier cache-miss
1712 http fetch GET 200 https://registry.npmjs.org/picocolors 42ms (cache miss)
1713 silly packumentCache full:https://registry.npmjs.org/picocolors set size:undefined disposed:false
1714 http fetch GET 200 https://registry.npmjs.org/js-tokens 52ms (cache miss)
1715 silly packumentCache full:https://registry.npmjs.org/js-tokens set size:undefined disposed:false
1716 http fetch GET 200 https://registry.npmjs.org/@babel%2fhelper-validator-identifier 70ms (cache miss)
1717 silly packumentCache full:https://registry.npmjs.org/@babel%2fhelper-validator-identifier set size:undefined disposed:false
1718 silly placeDep ROOT @babel/helper-validator-identifier@7.29.7 OK for: @babel/code-frame@7.29.7 want: ^7.29.7
1719 silly placeDep ROOT js-tokens@4.0.0 OK for: @babel/code-frame@7.29.7 want: ^4.0.0
1720 silly placeDep ROOT picocolors@1.1.1 OK for: @babel/code-frame@7.29.7 want: ^1.1.1
1721 silly placeDep ROOT queue-microtask@1.2.3 OK for: run-parallel@1.2.0 want: ^1.2.2
1722 silly placeDep ROOT decompress-response@6.0.0 OK for: simple-get@4.0.1 want: ^6.0.0
1723 silly placeDep ROOT simple-concat@1.0.1 OK for: simple-get@4.0.1 want: ^1.0.0
1724 silly fetch manifest mimic-response@^3.1.0
1725 silly packumentCache full:https://registry.npmjs.org/mimic-response cache-miss
1726 http fetch GET 200 https://registry.npmjs.org/mimic-response 48ms (cache miss)
1727 silly packumentCache full:https://registry.npmjs.org/mimic-response set size:undefined disposed:false
1728 silly placeDep ROOT mimic-response@3.1.0 OK for: decompress-response@6.0.0 want: ^3.1.0
1729 silly placeDep ROOT emoji-regex@8.0.0 OK for: string-width@4.2.3 want: ^8.0.0
1730 silly placeDep ROOT is-fullwidth-code-point@3.0.0 OK for: string-width@4.2.3 want: ^3.0.0
1731 silly placeDep node_modules/string-width strip-ansi@6.0.1 OK for: string-width@4.2.3 want: ^6.0.1
1732 silly placeDep ROOT ansi-regex@6.2.2 OK for: strip-ansi@7.2.0 want: ^6.2.2
1733 silly placeDep ROOT boundary@2.0.0 OK for: structured-source@4.0.0 want: ^2.0.0
1734 silly placeDep ROOT has-flag@4.0.0 OK for: supports-color@7.2.0 want: ^4.0.0
1735 silly placeDep ROOT lodash.truncate@4.4.2 OK for: table@6.9.0 want: ^4.4.2
1736 silly placeDep ROOT slice-ansi@4.0.0 OK for: table@6.9.0 want: ^4.0.0
1737 silly placeDep node_modules/table strip-ansi@6.0.1 OK for: table@6.9.0 want: ^6.0.1
1738 silly fetch manifest astral-regex@^2.0.0
1739 silly packumentCache full:https://registry.npmjs.org/astral-regex cache-miss
1740 http fetch GET 200 https://registry.npmjs.org/astral-regex 42ms (cache miss)
1741 silly packumentCache full:https://registry.npmjs.org/astral-regex set size:undefined disposed:false
1742 silly placeDep ROOT astral-regex@2.0.0 OK for: slice-ansi@4.0.0 want: ^2.0.0
1743 silly placeDep ROOT chownr@1.1.4 OK for: tar-fs@2.1.5 want: ^1.1.1
1744 silly placeDep ROOT tar-stream@2.2.0 OK for: tar-fs@2.1.5 want: ^2.1.4
1745 silly fetch manifest bl@^4.0.3
1746 silly packumentCache full:https://registry.npmjs.org/bl cache-miss
1747 silly fetch manifest inherits@^2.0.3
1748 silly packumentCache full:https://registry.npmjs.org/inherits cache-miss
1749 silly fetch manifest fs-constants@^1.0.0
1750 silly packumentCache full:https://registry.npmjs.org/fs-constants cache-miss
1751 silly fetch manifest readable-stream@^3.1.1
1752 silly packumentCache full:https://registry.npmjs.org/readable-stream cache-miss
1753 http fetch GET 200 https://registry.npmjs.org/inherits 52ms (cache miss)
1754 silly packumentCache full:https://registry.npmjs.org/inherits set size:undefined disposed:false
1755 http fetch GET 200 https://registry.npmjs.org/readable-stream 53ms (cache miss)
1756 silly packumentCache full:https://registry.npmjs.org/readable-stream set size:undefined disposed:false
1757 http fetch GET 200 https://registry.npmjs.org/fs-constants 55ms (cache miss)
1758 silly packumentCache full:https://registry.npmjs.org/fs-constants set size:undefined disposed:false
1759 http fetch GET 200 https://registry.npmjs.org/bl 57ms (cache miss)
1760 silly packumentCache full:https://registry.npmjs.org/bl set size:undefined disposed:false
1761 silly placeDep ROOT bl@4.1.0 OK for: tar-stream@2.2.0 want: ^4.0.3
1762 silly placeDep ROOT fs-constants@1.0.0 OK for: tar-stream@2.2.0 want: ^1.0.0
1763 silly placeDep ROOT inherits@2.0.4 OK for: tar-stream@2.2.0 want: ^2.0.3
1764 silly placeDep ROOT readable-stream@3.6.2 OK for: tar-stream@2.2.0 want: ^3.1.1
1765 silly fetch manifest buffer@^5.5.0
1766 silly packumentCache full:https://registry.npmjs.org/buffer cache-miss
1767 silly fetch manifest inherits@^2.0.4
1768 silly packumentCache full:https://registry.npmjs.org/inherits cache-miss
1769 silly fetch manifest readable-stream@^3.4.0
1770 silly packumentCache full:https://registry.npmjs.org/readable-stream cache-miss
1771 silly fetch manifest string_decoder@^1.1.1
1772 silly packumentCache full:https://registry.npmjs.org/string_decoder cache-miss
1773 silly fetch manifest util-deprecate@^1.0.1
1774 silly packumentCache full:https://registry.npmjs.org/util-deprecate cache-miss
1775 http cache https://registry.npmjs.org/readable-stream 4ms (cache hit)
1776 silly packumentCache full:https://registry.npmjs.org/readable-stream set size:261096 disposed:false
1777 http cache https://registry.npmjs.org/inherits 6ms (cache hit)
1778 silly packumentCache full:https://registry.npmjs.org/inherits set size:12925 disposed:false
1779 http fetch GET 200 https://registry.npmjs.org/string_decoder 47ms (cache miss)
1780 silly packumentCache full:https://registry.npmjs.org/string_decoder set size:undefined disposed:false
1781 http fetch GET 200 https://registry.npmjs.org/util-deprecate 62ms (cache miss)
1782 silly packumentCache full:https://registry.npmjs.org/util-deprecate set size:undefined disposed:false
1783 http fetch GET 200 https://registry.npmjs.org/buffer 67ms (cache miss)
1784 silly packumentCache full:https://registry.npmjs.org/buffer set size:undefined disposed:false
1785 silly placeDep ROOT buffer@5.7.1 OK for: bl@4.1.0 want: ^5.5.0
1786 silly fetch manifest base64-js@^1.3.1
1787 silly packumentCache full:https://registry.npmjs.org/base64-js cache-miss
1788 silly fetch manifest ieee754@^1.1.13
1789 silly packumentCache full:https://registry.npmjs.org/ieee754 cache-miss
1790 http fetch GET 200 https://registry.npmjs.org/ieee754 48ms (cache miss)
1791 silly packumentCache full:https://registry.npmjs.org/ieee754 set size:undefined disposed:false
1792 http fetch GET 200 https://registry.npmjs.org/base64-js 64ms (cache miss)
1793 silly packumentCache full:https://registry.npmjs.org/base64-js set size:undefined disposed:false
1794 silly placeDep ROOT base64-js@1.5.1 OK for: buffer@5.7.1 want: ^1.3.1
1795 silly placeDep ROOT ieee754@1.2.1 OK for: buffer@5.7.1 want: ^1.1.13
1796 silly placeDep ROOT string_decoder@1.3.0 OK for: readable-stream@3.6.2 want: ^1.1.1
1797 silly placeDep ROOT util-deprecate@1.0.2 OK for: readable-stream@3.6.2 want: ^1.0.1
1798 silly placeDep ROOT ansi-escapes@7.3.0 OK for: terminal-link@4.0.0 want: ^7.0.0
1799 silly placeDep ROOT supports-hyperlinks@3.2.0 OK for: terminal-link@4.0.0 want: ^3.2.0
1800 silly fetch manifest environment@^1.0.0
1801 silly packumentCache full:https://registry.npmjs.org/environment cache-miss
1802 http fetch GET 200 https://registry.npmjs.org/environment 56ms (cache miss)
1803 silly packumentCache full:https://registry.npmjs.org/environment set size:undefined disposed:false
1804 silly placeDep ROOT environment@1.1.0 OK for: ansi-escapes@7.3.0 want: ^1.0.0
1805 silly placeDep ROOT is-number@7.0.0 OK for: to-regex-range@5.0.1 want: ^7.0.0
1806 silly placeDep ROOT qs@6.15.3 OK for: typed-rest-client@1.8.11 want: ^6.9.1
1807 silly placeDep ROOT underscore@1.13.8 OK for: typed-rest-client@1.8.11 want: ^1.12.1
1808 silly fetch manifest side-channel@^1.1.1
1809 silly packumentCache full:https://registry.npmjs.org/side-channel cache-miss
1810 http fetch GET 200 https://registry.npmjs.org/side-channel 53ms (cache miss)
1811 silly packumentCache full:https://registry.npmjs.org/side-channel set size:undefined disposed:false
1812 silly placeDep ROOT side-channel@1.1.1 OK for: qs@6.15.3 want: ^1.1.1
1813 silly fetch manifest object-inspect@^1.13.4
1814 silly packumentCache full:https://registry.npmjs.org/object-inspect cache-miss
1815 silly fetch manifest side-channel-list@^1.0.1
1816 silly packumentCache full:https://registry.npmjs.org/side-channel-list cache-miss
1817 silly fetch manifest side-channel-map@^1.0.1
1818 silly packumentCache full:https://registry.npmjs.org/side-channel-map cache-miss
1819 silly fetch manifest side-channel-weakmap@^1.0.2
1820 silly packumentCache full:https://registry.npmjs.org/side-channel-weakmap cache-miss
1821 http fetch GET 200 https://registry.npmjs.org/side-channel-list 45ms (cache miss)
1822 silly packumentCache full:https://registry.npmjs.org/side-channel-list set size:undefined disposed:false
1823 http fetch GET 200 https://registry.npmjs.org/side-channel-map 45ms (cache miss)
1824 silly packumentCache full:https://registry.npmjs.org/side-channel-map set size:undefined disposed:false
1825 http fetch GET 200 https://registry.npmjs.org/object-inspect 49ms (cache miss)
1826 silly packumentCache full:https://registry.npmjs.org/object-inspect set size:undefined disposed:false
1827 http fetch GET 200 https://registry.npmjs.org/side-channel-weakmap 50ms (cache miss)
1828 silly packumentCache full:https://registry.npmjs.org/side-channel-weakmap set size:undefined disposed:false
1829 silly placeDep ROOT object-inspect@1.13.4 OK for: side-channel@1.1.1 want: ^1.13.4
1830 silly placeDep ROOT side-channel-list@1.0.1 OK for: side-channel@1.1.1 want: ^1.0.1
1831 silly placeDep ROOT side-channel-map@1.0.1 OK for: side-channel@1.1.1 want: ^1.0.1
1832 silly placeDep ROOT side-channel-weakmap@1.0.2 OK for: side-channel@1.1.1 want: ^1.0.2
1833 silly fetch manifest call-bound@^1.0.2
1834 silly packumentCache full:https://registry.npmjs.org/call-bound cache-miss
1835 silly fetch manifest call-bound@^1.0.2
1836 silly packumentCache full:https://registry.npmjs.org/call-bound cache-miss
1837 http fetch GET 200 https://registry.npmjs.org/call-bound 45ms (cache miss)
1838 silly packumentCache full:https://registry.npmjs.org/call-bound set size:undefined disposed:false
1839 http fetch GET 200 https://registry.npmjs.org/call-bound 63ms (cache miss)
1840 silly packumentCache full:https://registry.npmjs.org/call-bound set size:undefined disposed:false
1841 silly placeDep ROOT call-bound@1.0.4 OK for: side-channel-map@1.0.1 want: ^1.0.2
1842 silly placeDep ROOT spdx-correct@3.2.0 OK for: validate-npm-package-license@3.0.4 want: ^3.0.0
1843 silly placeDep ROOT spdx-expression-parse@3.0.1 OK for: validate-npm-package-license@3.0.4 want: ^3.0.0
1844 silly fetch manifest spdx-license-ids@^3.0.0
1845 silly packumentCache full:https://registry.npmjs.org/spdx-license-ids cache-miss
1846 silly fetch manifest spdx-exceptions@^2.1.0
1847 silly packumentCache full:https://registry.npmjs.org/spdx-exceptions cache-miss
1848 silly fetch manifest spdx-license-ids@^3.0.0
1849 silly packumentCache full:https://registry.npmjs.org/spdx-license-ids cache-miss
1850 http fetch GET 200 https://registry.npmjs.org/spdx-license-ids 50ms (cache miss)
1851 silly packumentCache full:https://registry.npmjs.org/spdx-license-ids set size:undefined disposed:false
1852 http fetch GET 200 https://registry.npmjs.org/spdx-exceptions 53ms (cache miss)
1853 silly packumentCache full:https://registry.npmjs.org/spdx-exceptions set size:undefined disposed:false
1854 http fetch GET 200 https://registry.npmjs.org/spdx-license-ids 88ms (cache miss)
1855 silly packumentCache full:https://registry.npmjs.org/spdx-license-ids set size:undefined disposed:false
1856 silly placeDep ROOT spdx-license-ids@3.0.23 OK for: spdx-correct@3.2.0 want: ^3.0.0
1857 silly placeDep ROOT spdx-exceptions@2.5.0 OK for: spdx-expression-parse@3.0.1 want: ^2.1.0
1858 silly placeDep ROOT is-wsl@3.1.1 OK for: wsl-utils@0.1.0 want: ^3.1.0
1859 silly placeDep ROOT sax@1.6.0 OK for: xml2js@0.5.0 want: >=0.6.0
1860 silly placeDep ROOT xmlbuilder@11.0.1 OK for: xml2js@0.5.0 want: ~11.0.0
1861 silly placeDep ROOT pend@1.2.0 OK for: yauzl@3.4.0 want: ~1.2.0
1862 silly placeDep ROOT buffer-crc32@0.2.13 OK for: yazl@2.5.1 want: ~0.2.3
1863 silly placeDep node_modules/@textlint/linter-formatter ansi-regex@5.0.1 OK for: strip-ansi@6.0.1 want: ^5.0.1
1864 silly placeDep node_modules/normalize-package-data lru-cache@10.4.3 OK for: hosted-git-info@7.0.2 want: ^10.0.1
1865 silly placeDep node_modules/string-width ansi-regex@5.0.1 OK for: strip-ansi@6.0.1 want: ^5.0.1
1866 silly placeDep node_modules/table ansi-regex@5.0.1 OK for: strip-ansi@6.0.1 want: ^5.0.1
1867 silly reify moves {}
1868 silly audit bulk request {
1868 silly audit   '@codemirror/commands': [ '6.10.4' ],
1868 silly audit   '@codemirror/language': [ '6.12.4' ],
1868 silly audit   '@codemirror/search': [ '6.7.1' ],
1868 silly audit   '@codemirror/state': [ '6.7.0' ],
1868 silly audit   '@codemirror/view': [ '6.43.4' ],
1868 silly audit   '@lezer/common': [ '1.5.2' ],
1868 silly audit   '@lezer/highlight': [ '1.2.3' ],
1868 silly audit   '@lezer/markdown': [ '1.6.4' ],
1868 silly audit   '@types/vscode': [ '1.125.0' ],
1868 silly audit   '@vscode/vsce': [ '3.9.2' ],
1868 silly audit   esbuild: [ '0.28.1' ],
1868 silly audit   '@lezer/lr': [ '1.4.10' ],
1868 silly audit   'style-mod': [ '4.1.3' ],
1868 silly audit   crelt: [ '1.0.7' ],
1868 silly audit   '@marijn/find-cluster-break': [ '1.0.3' ],
1868 silly audit   'w3c-keyname': [ '2.2.8' ],
1868 silly audit   '@azure/identity': [ '4.13.1' ],
1868 silly audit   '@secretlint/node': [ '10.2.2' ],
1868 silly audit   '@secretlint/secretlint-formatter-sarif': [ '10.2.2' ],
1868 silly audit   '@secretlint/secretlint-rule-no-dotenv': [ '10.2.2' ],
1868 silly audit   '@secretlint/secretlint-rule-preset-recommend': [ '10.2.2' ],
1868 silly audit   '@vscode/vsce-sign': [ '2.0.9' ],
1868 silly audit   'azure-devops-node-api': [ '12.5.0' ],
1868 silly audit   chalk: [ '4.1.2', '5.6.2' ],
1868 silly audit   cheerio: [ '1.2.0' ],
1868 silly audit   cockatiel: [ '3.2.1' ],
1868 silly audit   commander: [ '12.1.0' ],
1868 silly audit   'form-data': [ '4.0.6' ],
1868 silly audit   glob: [ '13.0.6' ],
1868 silly audit   'hosted-git-info': [ '4.1.0', '7.0.2' ],
1868 silly audit   'jsonc-parser': [ '3.3.1' ],
1868 silly audit   keytar: [ '7.9.0' ],
1868 silly audit   leven: [ '3.1.0' ],
1868 silly audit   'markdown-it': [ '14.3.0' ],
1868 silly audit   mime: [ '1.6.0' ],
1868 silly audit   minimatch: [ '10.2.5' ],
1868 silly audit   'parse-semver': [ '1.1.1' ],
1868 silly audit   read: [ '1.0.7' ],
1868 silly audit   secretlint: [ '10.2.2' ],
1868 silly audit   semver: [ '7.8.5', '5.7.2' ],
1868 silly audit   tmp: [ '0.2.7' ],
1868 silly audit   'typed-rest-client': [ '1.8.11' ],
1868 silly audit   'url-join': [ '4.0.1' ],
1868 silly audit   xml2js: [ '0.5.0' ],
1868 silly audit   yauzl: [ '3.4.0' ],
1868 silly audit   yazl: [ '2.5.1' ],
1868 silly audit   '@azure/abort-controller': [ '2.1.2' ],
1868 silly audit   '@azure/core-auth': [ '1.10.1' ],
1868 silly audit   '@azure/core-client': [ '1.10.2' ],
1868 silly audit   '@azure/core-rest-pipeline': [ '1.24.0' ],
1868 silly audit   '@azure/core-tracing': [ '1.3.1' ],
1868 silly audit   '@azure/core-util': [ '1.13.1' ],
1868 silly audit   '@azure/logger': [ '1.3.0' ],
1868 silly audit   '@azure/msal-browser': [ '5.16.0' ],
1868 silly audit   '@azure/msal-node': [ '5.3.1' ],
1868 silly audit   open: [ '10.2.0' ],
1868 silly audit   tslib: [ '2.8.1' ],
1868 silly audit   '@typespec/ts-http-runtime': [ '0.3.6' ],
1868 silly audit   '@azure/msal-common': [ '16.11.0' ],
1868 silly audit   jsonwebtoken: [ '9.0.3' ],
1868 silly audit   '@secretlint/config-loader': [ '10.2.2' ],
1868 silly audit   '@secretlint/core': [ '10.2.2' ],
1868 silly audit   '@secretlint/formatter': [ '10.2.2' ],
1868 silly audit   '@secretlint/profiler': [ '10.2.2' ],
1868 silly audit   '@secretlint/source-creator': [ '10.2.2' ],
1868 silly audit   '@secretlint/types': [ '10.2.2' ],
1868 silly audit   debug: [ '4.4.3' ],
1868 silly audit   'p-map': [ '7.0.5' ],
1868 silly audit   '@secretlint/resolver': [ '10.2.2' ],
1868 silly audit   ajv: [ '8.20.0' ],
1868 silly audit   'rc-config-loader': [ '4.1.4' ],
1868 silly audit   'structured-source': [ '4.0.0' ],
1868 silly audit   '@textlint/linter-formatter': [ '15.7.1' ],
1868 silly audit   '@textlint/module-interop': [ '15.7.1' ],
1868 silly audit   '@textlint/types': [ '15.7.1' ],
1868 silly audit   pluralize: [ '8.0.0', '2.0.0' ],
1868 silly audit   'strip-ansi': [ '7.2.0', '6.0.1' ],
1868 silly audit   table: [ '6.9.0' ],
1868 silly audit   'terminal-link': [ '4.0.0' ],
1868 silly audit   'node-sarif-builder': [ '3.4.0' ],
1868 silly audit   istextorbinary: [ '9.5.0' ],
1868 silly audit   '@azu/format-text': [ '1.0.2' ],
1868 silly audit   '@azu/style-format': [ '1.0.1' ],
1868 silly audit   '@textlint/resolver': [ '15.7.1' ],
1868 silly audit   'js-yaml': [ '4.3.0' ],
1868 silly audit   lodash: [ '4.18.1' ],
1868 silly audit   'string-width': [ '4.2.3' ],
1868 silly audit   'text-table': [ '0.2.0' ],
1868 silly audit   '@textlint/ast-node-types': [ '15.7.1' ],
1868 silly audit   'http-proxy-agent': [ '7.0.2' ],
1868 silly audit   'https-proxy-agent': [ '7.0.6' ],
1868 silly audit   '@vscode/vsce-sign-alpine-arm64': [ '2.0.6' ],
1868 silly audit   '@vscode/vsce-sign-alpine-x64': [ '2.0.6' ],
1868 silly audit   '@vscode/vsce-sign-darwin-arm64': [ '2.0.6' ],
1868 silly audit   '@vscode/vsce-sign-darwin-x64': [ '2.0.6' ],
1868 silly audit   '@vscode/vsce-sign-linux-arm': [ '2.0.6' ],
1868 silly audit   '@vscode/vsce-sign-linux-arm64': [ '2.0.6' ],
1868 silly audit   '@vscode/vsce-sign-linux-x64': [ '2.0.6' ],
1868 silly audit   '@vscode/vsce-sign-win32-arm64': [ '2.0.6' ],
1868 silly audit   '@vscode/vsce-sign-win32-x64': [ '2.0.6' ],
1868 silly audit   'fast-deep-equal': [ '3.1.3' ],
1868 silly audit   'fast-uri': [ '3.1.3' ],
1868 silly audit   'json-schema-traverse': [ '1.0.0' ],
1868 silly audit   'require-from-string': [ '2.0.2' ],
1868 silly audit   tunnel: [ '0.0.6' ],
1868 silly audit   'ansi-styles': [ '4.3.0' ],
1868 silly audit   'supports-color': [ '7.2.0' ],
1868 silly audit   'color-convert': [ '2.0.1' ],
1868 silly audit   'cheerio-select': [ '2.1.0' ],
1868 silly audit   'dom-serializer': [ '2.0.0' ],
1868 silly audit   domhandler: [ '5.0.3' ],
1868 silly audit   domutils: [ '3.2.2' ],
1868 silly audit   'encoding-sniffer': [ '0.2.1' ],
1868 silly audit   htmlparser2: [ '10.1.0' ],
1868 silly audit   parse5: [ '7.3.0' ],
1868 silly audit   'parse5-htmlparser2-tree-adapter': [ '7.1.0' ],
1868 silly audit   'parse5-parser-stream': [ '7.1.2' ],
1868 silly audit   undici: [ '7.28.0' ],
1868 silly audit   'whatwg-mimetype': [ '4.0.0' ],
1868 silly audit   boolbase: [ '1.0.0' ],
1868 silly audit   'css-select': [ '5.2.2' ],
1868 silly audit   'css-what': [ '6.2.2' ],
1868 silly audit   domelementtype: [ '2.3.0' ],
1868 silly audit   'color-name': [ '1.1.4' ],
1868 silly audit   'nth-check': [ '2.1.1' ],
1868 silly audit   ms: [ '2.1.3' ],
1868 silly audit   entities: [ '4.5.0', '7.0.1', '6.0.1' ],
1868 silly audit   'iconv-lite': [ '0.6.3' ],
1868 silly audit   'whatwg-encoding': [ '3.1.1' ],
1868 silly audit   '@esbuild/aix-ppc64': [ '0.28.1' ],
1868 silly audit   '@esbuild/android-arm': [ '0.28.1' ],
1868 silly audit   '@esbuild/android-arm64': [ '0.28.1' ],
1868 silly audit   '@esbuild/android-x64': [ '0.28.1' ],
1868 silly audit   '@esbuild/darwin-arm64': [ '0.28.1' ],
1868 silly audit   '@esbuild/darwin-x64': [ '0.28.1' ],
1868 silly audit   '@esbuild/freebsd-arm64': [ '0.28.1' ],
1868 silly audit   '@esbuild/freebsd-x64': [ '0.28.1' ],
1868 silly audit   '@esbuild/linux-arm': [ '0.28.1' ],
1868 silly audit   '@esbuild/linux-arm64': [ '0.28.1' ],
1868 silly audit   '@esbuild/linux-ia32': [ '0.28.1' ],
1868 silly audit   '@esbuild/linux-loong64': [ '0.28.1' ],
1868 silly audit   '@esbuild/linux-mips64el': [ '0.28.1' ],
1868 silly audit   '@esbuild/linux-ppc64': [ '0.28.1' ],
1868 silly audit   '@esbuild/linux-riscv64': [ '0.28.1' ],
1868 silly audit   '@esbuild/linux-s390x': [ '0.28.1' ],
1868 silly audit   '@esbuild/linux-x64': [ '0.28.1' ],
1868 silly audit   '@esbuild/netbsd-arm64': [ '0.28.1' ],
1868 silly audit   '@esbuild/netbsd-x64': [ '0.28.1' ],
1868 silly audit   '@esbuild/openbsd-arm64': [ '0.28.1' ],
1868 silly audit   '@esbuild/openbsd-x64': [ '0.28.1' ],
1868 silly audit   '@esbuild/openharmony-arm64': [ '0.28.1' ],
1868 silly audit   '@esbuild/sunos-x64': [ '0.28.1' ],
1868 silly audit   '@esbuild/win32-arm64': [ '0.28.1' ],
1868 silly audit   '@esbuild/win32-ia32': [ '0.28.1' ],
1868 silly audit   '@esbuild/win32-x64': [ '0.28.1' ],
1868 silly audit   asynckit: [ '0.4.0' ],
1868 silly audit   'combined-stream': [ '1.0.8' ],
1868 silly audit   'es-set-tostringtag': [ '2.1.0' ],
1868 silly audit   hasown: [ '2.0.4' ],
1868 silly audit   'mime-types': [ '2.1.35' ],
1868 silly audit   'delayed-stream': [ '1.0.0' ],
1868 silly audit   'es-errors': [ '1.3.0' ],
1868 silly audit   'get-intrinsic': [ '1.3.0' ],
1868 silly audit   'has-tostringtag': [ '1.0.2' ],
1868 silly audit   'call-bind-apply-helpers': [ '1.0.2' ],
1868 silly audit   'es-define-property': [ '1.0.1' ],
1868 silly audit   'es-object-atoms': [ '1.1.2' ],
1868 silly audit   'function-bind': [ '1.1.2' ],
1868 silly audit   'get-proto': [ '1.0.1' ],
1868 silly audit   gopd: [ '1.2.0' ],
1868 silly audit   'has-symbols': [ '1.1.0' ],
1868 silly audit   'math-intrinsics': [ '1.1.0' ],
1868 silly audit   'dunder-proto': [ '1.0.1' ],
1868 silly audit   minipass: [ '7.1.3' ],
1868 silly audit   'path-scurry': [ '2.0.2' ],
1868 silly audit   'lru-cache': [ '6.0.0', '11.5.1', '10.4.3' ],
1868 silly audit   'agent-base': [ '7.1.4' ],
1868 silly audit   'safer-buffer': [ '2.1.2' ],
1868 silly audit   binaryextensions: [ '6.11.0' ],
1868 silly audit   editions: [ '6.22.0' ],
1868 silly audit   textextensions: [ '6.11.0' ],
1868 silly audit   'version-range': [ '4.15.0' ],
1868 silly audit   argparse: [ '2.0.1' ],
1868 silly audit   jws: [ '4.0.1' ],
1868 silly audit   'lodash.includes': [ '4.3.0' ],
1868 silly audit   'lodash.isboolean': [ '3.0.3' ],
1868 silly audit   'lodash.isinteger': [ '4.0.4' ],
1868 silly audit   'lodash.isnumber': [ '3.0.3' ],
1868 silly audit   'lodash.isplainobject': [ '4.0.6' ],
1868 silly audit   'lodash.isstring': [ '4.0.1' ],
1868 silly audit   'lodash.once': [ '4.1.1' ],
1868 silly audit   jwa: [ '2.0.1' ],
1868 silly audit   'safe-buffer': [ '5.2.1' ],
1868 silly audit   'buffer-equal-constant-time': [ '1.0.1' ],
1868 silly audit   'ecdsa-sig-formatter': [ '1.0.11' ],
1868 silly audit   'node-addon-api': [ '4.3.0' ],
1868 silly audit   'prebuild-install': [ '7.1.3' ],
1868 silly audit   yallist: [ '4.0.0' ],
1868 silly audit   'linkify-it': [ '5.0.2' ],
1868 silly audit   mdurl: [ '2.0.0' ],
1868 silly audit   'punycode.js': [ '2.3.1' ],
1868 silly audit   'uc.micro': [ '2.1.0' ],
1868 silly audit   'mime-db': [ '1.52.0' ],
1868 silly audit   'brace-expansion': [ '5.0.7' ],
1868 silly audit   'balanced-match': [ '4.0.4' ],
1868 silly audit   '@types/sarif': [ '2.1.7' ],
1868 silly audit   'fs-extra': [ '11.3.6' ],
1868 silly audit   'graceful-fs': [ '4.2.11' ],
1868 silly audit   jsonfile: [ '6.2.1' ],
1868 silly audit   universalify: [ '2.0.1' ],
1868 silly audit   'default-browser': [ '5.5.0' ],
1868 silly audit   'define-lazy-prop': [ '3.0.0' ],
1868 silly audit   'is-inside-container': [ '1.0.0' ],
1868 silly audit   'wsl-utils': [ '0.1.0' ],
1868 silly audit   'bundle-name': [ '4.1.0' ],
1868 silly audit   'default-browser-id': [ '5.0.1' ],
1868 silly audit   'run-applescript': [ '7.1.0' ],
1868 silly audit   'is-docker': [ '3.0.0' ],
1868 silly audit   'detect-libc': [ '2.1.2' ],
1868 silly audit   'expand-template': [ '2.0.3' ],
1868 silly audit   'github-from-package': [ '0.0.0' ],
1868 silly audit   minimist: [ '1.2.8' ],
1868 silly audit   'mkdirp-classic': [ '0.5.3' ],
1868 silly audit   'napi-build-utils': [ '2.0.0' ],
1868 silly audit   'node-abi': [ '3.94.0' ],
1868 silly audit   pump: [ '3.0.4' ],
1868 silly audit   rc: [ '1.2.8' ],
1868 silly audit   'simple-get': [ '4.0.1' ],
1868 silly audit   'tar-fs': [ '2.1.5' ],
1868 silly audit   'tunnel-agent': [ '0.6.0' ],
1868 silly audit   'end-of-stream': [ '1.4.5' ],
1868 silly audit   once: [ '1.4.0' ],
1868 silly audit   wrappy: [ '1.0.2' ],
1868 silly audit   'deep-extend': [ '0.6.0' ],
1868 silly audit   ini: [ '1.3.8' ],
1868 silly audit   'strip-json-comments': [ '2.0.1' ],
1868 silly audit   json5: [ '2.2.3' ],
1868 silly audit   'mute-stream': [ '0.0.8' ],
1868 silly audit   '@secretlint/config-creator': [ '10.2.2' ],
1868 silly audit   globby: [ '14.1.0' ],
1868 silly audit   'read-pkg': [ '9.0.1' ],
1868 silly audit   '@sindresorhus/merge-streams': [ '2.3.0' ],
1868 silly audit   'fast-glob': [ '3.3.3' ],
1868 silly audit   ignore: [ '7.0.5' ],
1868 silly audit   'path-type': [ '6.0.0' ],
1868 silly audit   slash: [ '5.1.0' ],
1868 silly audit   'unicorn-magic': [ '0.3.0', '0.1.0' ],
1868 silly audit   '@nodelib/fs.stat': [ '2.0.5' ],
1868 silly audit   '@nodelib/fs.walk': [ '1.2.8' ],
1868 silly audit   'glob-parent': [ '5.1.2' ],
1868 silly audit   merge2: [ '1.4.1' ],
1868 silly audit   micromatch: [ '4.0.8' ],
1868 silly audit   '@nodelib/fs.scandir': [ '2.1.5' ],
1868 silly audit   fastq: [ '1.20.1' ],
1868 silly audit   'run-parallel': [ '1.2.0' ],
1868 silly audit   reusify: [ '1.1.0' ],
1868 silly audit   'is-glob': [ '4.0.3' ],
1868 silly audit   'is-extglob': [ '2.1.1' ],
1868 silly audit   braces: [ '3.0.3' ],
1868 silly audit   picomatch: [ '2.3.2' ],
1868 silly audit   'fill-range': [ '7.1.1' ],
1868 silly audit   'to-regex-range': [ '5.0.1' ],
1868 silly audit   '@types/normalize-package-data': [ '2.4.4' ],
1868 silly audit   'normalize-package-data': [ '6.0.2' ],
1868 silly audit   'parse-json': [ '8.3.0' ],
1868 silly audit   'type-fest': [ '4.41.0' ],
1868 silly audit   'validate-npm-package-license': [ '3.0.4' ],
1868 silly audit   '@babel/code-frame': [ '7.29.7' ],
1868 silly audit   'index-to-position': [ '1.2.0' ],
1868 silly audit   '@babel/helper-validator-identifier': [ '7.29.7' ],
1868 silly audit   'js-tokens': [ '4.0.0' ],
1868 silly audit   picocolors: [ '1.1.1' ],
1868 silly audit   'queue-microtask': [ '1.2.3' ],
1868 silly audit   'decompress-response': [ '6.0.0' ],
1868 silly audit   'simple-concat': [ '1.0.1' ],
1868 silly audit   'mimic-response': [ '3.1.0' ],
1868 silly audit   'emoji-regex': [ '8.0.0' ],
1868 silly audit   'is-fullwidth-code-point': [ '3.0.0' ],
1868 silly audit   'ansi-regex': [ '6.2.2', '5.0.1' ],
1868 silly audit   boundary: [ '2.0.0' ],
1868 silly audit   'has-flag': [ '4.0.0' ],
1868 silly audit   'lodash.truncate': [ '4.4.2' ],
1868 silly audit   'slice-ansi': [ '4.0.0' ],
1868 silly audit   'astral-regex': [ '2.0.0' ],
1868 silly audit   chownr: [ '1.1.4' ],
1868 silly audit   'tar-stream': [ '2.2.0' ],
1868 silly audit   bl: [ '4.1.0' ],
1868 silly audit   'fs-constants': [ '1.0.0' ],
1868 silly audit   inherits: [ '2.0.4' ],
1868 silly audit   'readable-stream': [ '3.6.2' ],
1868 silly audit   buffer: [ '5.7.1' ],
1868 silly audit   'base64-js': [ '1.5.1' ],
1868 silly audit   ieee754: [ '1.2.1' ],
1868 silly audit   string_decoder: [ '1.3.0' ],
1868 silly audit   'util-deprecate': [ '1.0.2' ],
1868 silly audit   'ansi-escapes': [ '7.3.0' ],
1868 silly audit   'supports-hyperlinks': [ '3.2.0' ],
1868 silly audit   environment: [ '1.1.0' ],
1868 silly audit   'is-number': [ '7.0.0' ],
1868 silly audit   qs: [ '6.15.3' ],
1868 silly audit   underscore: [ '1.13.8' ],
1868 silly audit   'side-channel': [ '1.1.1' ],
1868 silly audit   'object-inspect': [ '1.13.4' ],
1868 silly audit   'side-channel-list': [ '1.0.1' ],
1868 silly audit   'side-channel-map': [ '1.0.1' ],
1868 silly audit   'side-channel-weakmap': [ '1.0.2' ],
1868 silly audit   'call-bound': [ '1.0.4' ],
1868 silly audit   'spdx-correct': [ '3.2.0' ],
1868 silly audit   'spdx-expression-parse': [ '3.0.1' ],
1868 silly audit   'spdx-license-ids': [ '3.0.23' ],
1868 silly audit   'spdx-exceptions': [ '2.5.0' ],
1868 silly audit   'is-wsl': [ '3.1.1' ],
1868 silly audit   sax: [ '1.6.0' ],
1868 silly audit   xmlbuilder: [ '11.0.1' ],
1868 silly audit   pend: [ '1.2.0' ],
1868 silly audit   'buffer-crc32': [ '0.2.13' ]
1868 silly audit }
1869 http cache buffer-crc32@https://registry.npmjs.org/buffer-crc32/-/buffer-crc32-0.2.13.tgz 0ms (cache hit)
1870 http cache xmlbuilder@https://registry.npmjs.org/xmlbuilder/-/xmlbuilder-11.0.1.tgz 0ms (cache hit)
1871 http cache pend@https://registry.npmjs.org/pend/-/pend-1.2.0.tgz 0ms (cache hit)
1872 http cache sax@https://registry.npmjs.org/sax/-/sax-1.6.0.tgz 0ms (cache hit)
1873 http cache is-wsl@https://registry.npmjs.org/is-wsl/-/is-wsl-3.1.1.tgz 0ms (cache hit)
1874 http cache spdx-expression-parse@https://registry.npmjs.org/spdx-expression-parse/-/spdx-expression-parse-3.0.1.tgz 0ms (cache hit)
1875 http cache spdx-license-ids@https://registry.npmjs.org/spdx-license-ids/-/spdx-license-ids-3.0.23.tgz 0ms (cache hit)
1876 http cache spdx-exceptions@https://registry.npmjs.org/spdx-exceptions/-/spdx-exceptions-2.5.0.tgz 0ms (cache hit)
1877 http cache spdx-correct@https://registry.npmjs.org/spdx-correct/-/spdx-correct-3.2.0.tgz 0ms (cache hit)
1878 http cache call-bound@https://registry.npmjs.org/call-bound/-/call-bound-1.0.4.tgz 0ms (cache hit)
1879 http cache side-channel-map@https://registry.npmjs.org/side-channel-map/-/side-channel-map-1.0.1.tgz 0ms (cache hit)
1880 http cache object-inspect@https://registry.npmjs.org/object-inspect/-/object-inspect-1.13.4.tgz 0ms (cache hit)
1881 http cache side-channel-weakmap@https://registry.npmjs.org/side-channel-weakmap/-/side-channel-weakmap-1.0.2.tgz 0ms (cache hit)
1882 http cache side-channel@https://registry.npmjs.org/side-channel/-/side-channel-1.1.1.tgz 0ms (cache hit)
1883 http cache underscore@https://registry.npmjs.org/underscore/-/underscore-1.13.8.tgz 0ms (cache hit)
1884 http cache side-channel-list@https://registry.npmjs.org/side-channel-list/-/side-channel-list-1.0.1.tgz 0ms (cache hit)
1885 http cache qs@https://registry.npmjs.org/qs/-/qs-6.15.3.tgz 0ms (cache hit)
1886 http cache is-number@https://registry.npmjs.org/is-number/-/is-number-7.0.0.tgz 0ms (cache hit)
1887 http cache environment@https://registry.npmjs.org/environment/-/environment-1.1.0.tgz 0ms (cache hit)
1888 http cache supports-hyperlinks@https://registry.npmjs.org/supports-hyperlinks/-/supports-hyperlinks-3.2.0.tgz 0ms (cache hit)
1889 http cache util-deprecate@https://registry.npmjs.org/util-deprecate/-/util-deprecate-1.0.2.tgz 0ms (cache hit)
1890 http cache ansi-escapes@https://registry.npmjs.org/ansi-escapes/-/ansi-escapes-7.3.0.tgz 0ms (cache hit)
1891 http cache ieee754@https://registry.npmjs.org/ieee754/-/ieee754-1.2.1.tgz 0ms (cache hit)
1892 http cache buffer@https://registry.npmjs.org/buffer/-/buffer-5.7.1.tgz 0ms (cache hit)
1893 http cache base64-js@https://registry.npmjs.org/base64-js/-/base64-js-1.5.1.tgz 0ms (cache hit)
1894 http cache readable-stream@https://registry.npmjs.org/readable-stream/-/readable-stream-3.6.2.tgz 0ms (cache hit)
1895 http cache string_decoder@https://registry.npmjs.org/string_decoder/-/string_decoder-1.3.0.tgz 0ms (cache hit)
1896 http cache inherits@https://registry.npmjs.org/inherits/-/inherits-2.0.4.tgz 0ms (cache hit)
1897 http cache bl@https://registry.npmjs.org/bl/-/bl-4.1.0.tgz 0ms (cache hit)
1898 http cache fs-constants@https://registry.npmjs.org/fs-constants/-/fs-constants-1.0.0.tgz 0ms (cache hit)
1899 http cache tar-stream@https://registry.npmjs.org/tar-stream/-/tar-stream-2.2.0.tgz 0ms (cache hit)
1900 http cache chownr@https://registry.npmjs.org/chownr/-/chownr-1.1.4.tgz 0ms (cache hit)
1901 http cache astral-regex@https://registry.npmjs.org/astral-regex/-/astral-regex-2.0.0.tgz 0ms (cache hit)
1902 http cache slice-ansi@https://registry.npmjs.org/slice-ansi/-/slice-ansi-4.0.0.tgz 0ms (cache hit)
1903 http cache lodash.truncate@https://registry.npmjs.org/lodash.truncate/-/lodash.truncate-4.4.2.tgz 0ms (cache hit)
1904 http cache has-flag@https://registry.npmjs.org/has-flag/-/has-flag-4.0.0.tgz 0ms (cache hit)
1905 http cache ansi-regex@https://registry.npmjs.org/ansi-regex/-/ansi-regex-6.2.2.tgz 0ms (cache hit)
1906 http cache boundary@https://registry.npmjs.org/boundary/-/boundary-2.0.0.tgz 0ms (cache hit)
1907 http cache is-fullwidth-code-point@https://registry.npmjs.org/is-fullwidth-code-point/-/is-fullwidth-code-point-3.0.0.tgz 0ms (cache hit)
1908 http cache emoji-regex@https://registry.npmjs.org/emoji-regex/-/emoji-regex-8.0.0.tgz 0ms (cache hit)
1909 http cache simple-concat@https://registry.npmjs.org/simple-concat/-/simple-concat-1.0.1.tgz 0ms (cache hit)
1910 http cache queue-microtask@https://registry.npmjs.org/queue-microtask/-/queue-microtask-1.2.3.tgz 0ms (cache hit)
1911 http cache mimic-response@https://registry.npmjs.org/mimic-response/-/mimic-response-3.1.0.tgz 0ms (cache hit)
1912 http cache decompress-response@https://registry.npmjs.org/decompress-response/-/decompress-response-6.0.0.tgz 0ms (cache hit)
1913 http cache js-tokens@https://registry.npmjs.org/js-tokens/-/js-tokens-4.0.0.tgz 0ms (cache hit)
1914 http cache picocolors@https://registry.npmjs.org/picocolors/-/picocolors-1.1.1.tgz 0ms (cache hit)
1915 http cache @babel/helper-validator-identifier@https://registry.npmjs.org/@babel/helper-validator-identifier/-/helper-validator-identifier-7.29.7.tgz 0ms (cache hit)
1916 http cache @babel/code-frame@https://registry.npmjs.org/@babel/code-frame/-/code-frame-7.29.7.tgz 0ms (cache hit)
1917 http cache validate-npm-package-license@https://registry.npmjs.org/validate-npm-package-license/-/validate-npm-package-license-3.0.4.tgz 0ms (cache hit)
1918 http cache type-fest@https://registry.npmjs.org/type-fest/-/type-fest-4.41.0.tgz 0ms (cache hit)
1919 http cache index-to-position@https://registry.npmjs.org/index-to-position/-/index-to-position-1.2.0.tgz 0ms (cache hit)
1920 http cache parse-json@https://registry.npmjs.org/parse-json/-/parse-json-8.3.0.tgz 0ms (cache hit)
1921 http cache normalize-package-data@https://registry.npmjs.org/normalize-package-data/-/normalize-package-data-6.0.2.tgz 0ms (cache hit)
1922 http cache to-regex-range@https://registry.npmjs.org/to-regex-range/-/to-regex-range-5.0.1.tgz 0ms (cache hit)
1923 http cache fill-range@https://registry.npmjs.org/fill-range/-/fill-range-7.1.1.tgz 0ms (cache hit)
1924 http cache picomatch@https://registry.npmjs.org/picomatch/-/picomatch-2.3.2.tgz 0ms (cache hit)
1925 http cache braces@https://registry.npmjs.org/braces/-/braces-3.0.3.tgz 0ms (cache hit)
1926 http cache @types/normalize-package-data@https://registry.npmjs.org/@types/normalize-package-data/-/normalize-package-data-2.4.4.tgz 0ms (cache hit)
1927 http cache is-extglob@https://registry.npmjs.org/is-extglob/-/is-extglob-2.1.1.tgz 0ms (cache hit)
1928 http cache is-glob@https://registry.npmjs.org/is-glob/-/is-glob-4.0.3.tgz 0ms (cache hit)
1929 http cache reusify@https://registry.npmjs.org/reusify/-/reusify-1.1.0.tgz 0ms (cache hit)
1930 http cache run-parallel@https://registry.npmjs.org/run-parallel/-/run-parallel-1.2.0.tgz 0ms (cache hit)
1931 http cache fastq@https://registry.npmjs.org/fastq/-/fastq-1.20.1.tgz 0ms (cache hit)
1932 http cache micromatch@https://registry.npmjs.org/micromatch/-/micromatch-4.0.8.tgz 0ms (cache hit)
1933 http cache @nodelib/fs.scandir@https://registry.npmjs.org/@nodelib/fs.scandir/-/fs.scandir-2.1.5.tgz 0ms (cache hit)
1934 http cache merge2@https://registry.npmjs.org/merge2/-/merge2-1.4.1.tgz 0ms (cache hit)
1935 http cache glob-parent@https://registry.npmjs.org/glob-parent/-/glob-parent-5.1.2.tgz 0ms (cache hit)
1936 http cache @nodelib/fs.stat@https://registry.npmjs.org/@nodelib/fs.stat/-/fs.stat-2.0.5.tgz 0ms (cache hit)
1937 http cache @nodelib/fs.walk@https://registry.npmjs.org/@nodelib/fs.walk/-/fs.walk-1.2.8.tgz 0ms (cache hit)
1938 http cache unicorn-magic@https://registry.npmjs.org/unicorn-magic/-/unicorn-magic-0.3.0.tgz 0ms (cache hit)
1939 http cache slash@https://registry.npmjs.org/slash/-/slash-5.1.0.tgz 0ms (cache hit)
1940 http cache path-type@https://registry.npmjs.org/path-type/-/path-type-6.0.0.tgz 0ms (cache hit)
1941 http cache ignore@https://registry.npmjs.org/ignore/-/ignore-7.0.5.tgz 0ms (cache hit)
1942 http cache fast-glob@https://registry.npmjs.org/fast-glob/-/fast-glob-3.3.3.tgz 0ms (cache hit)
1943 http cache @sindresorhus/merge-streams@https://registry.npmjs.org/@sindresorhus/merge-streams/-/merge-streams-2.3.0.tgz 0ms (cache hit)
1944 http cache read-pkg@https://registry.npmjs.org/read-pkg/-/read-pkg-9.0.1.tgz 0ms (cache hit)
1945 http cache globby@https://registry.npmjs.org/globby/-/globby-14.1.0.tgz 0ms (cache hit)
1946 http cache @secretlint/config-creator@https://registry.npmjs.org/@secretlint/config-creator/-/config-creator-10.2.2.tgz 0ms (cache hit)
1947 http cache mute-stream@https://registry.npmjs.org/mute-stream/-/mute-stream-0.0.8.tgz 0ms (cache hit)
1948 http cache json5@https://registry.npmjs.org/json5/-/json5-2.2.3.tgz 0ms (cache hit)
1949 http cache strip-json-comments@https://registry.npmjs.org/strip-json-comments/-/strip-json-comments-2.0.1.tgz 0ms (cache hit)
1950 http cache ini@https://registry.npmjs.org/ini/-/ini-1.3.8.tgz 0ms (cache hit)
1951 http cache once@https://registry.npmjs.org/once/-/once-1.4.0.tgz 1ms (cache hit)
1952 http cache deep-extend@https://registry.npmjs.org/deep-extend/-/deep-extend-0.6.0.tgz 0ms (cache hit)
1953 http cache end-of-stream@https://registry.npmjs.org/end-of-stream/-/end-of-stream-1.4.5.tgz 0ms (cache hit)
1954 http cache wrappy@https://registry.npmjs.org/wrappy/-/wrappy-1.0.2.tgz 0ms (cache hit)
1955 http cache tar-fs@https://registry.npmjs.org/tar-fs/-/tar-fs-2.1.5.tgz 0ms (cache hit)
1956 http cache tunnel-agent@https://registry.npmjs.org/tunnel-agent/-/tunnel-agent-0.6.0.tgz 0ms (cache hit)
1957 http cache simple-get@https://registry.npmjs.org/simple-get/-/simple-get-4.0.1.tgz 0ms (cache hit)
1958 http cache pump@https://registry.npmjs.org/pump/-/pump-3.0.4.tgz 0ms (cache hit)
1959 http cache node-abi@https://registry.npmjs.org/node-abi/-/node-abi-3.94.0.tgz 0ms (cache hit)
1960 http cache rc@https://registry.npmjs.org/rc/-/rc-1.2.8.tgz 0ms (cache hit)
1961 http cache napi-build-utils@https://registry.npmjs.org/napi-build-utils/-/napi-build-utils-2.0.0.tgz 0ms (cache hit)
1962 http cache mkdirp-classic@https://registry.npmjs.org/mkdirp-classic/-/mkdirp-classic-0.5.3.tgz 0ms (cache hit)
1963 http cache minimist@https://registry.npmjs.org/minimist/-/minimist-1.2.8.tgz 0ms (cache hit)
1964 http cache github-from-package@https://registry.npmjs.org/github-from-package/-/github-from-package-0.0.0.tgz 0ms (cache hit)
1965 http cache expand-template@https://registry.npmjs.org/expand-template/-/expand-template-2.0.3.tgz 0ms (cache hit)
1966 http cache detect-libc@https://registry.npmjs.org/detect-libc/-/detect-libc-2.1.2.tgz 0ms (cache hit)
1967 http cache is-docker@https://registry.npmjs.org/is-docker/-/is-docker-3.0.0.tgz 0ms (cache hit)
1968 http cache run-applescript@https://registry.npmjs.org/run-applescript/-/run-applescript-7.1.0.tgz 0ms (cache hit)
1969 http cache default-browser-id@https://registry.npmjs.org/default-browser-id/-/default-browser-id-5.0.1.tgz 0ms (cache hit)
1970 http cache bundle-name@https://registry.npmjs.org/bundle-name/-/bundle-name-4.1.0.tgz 0ms (cache hit)
1971 http cache wsl-utils@https://registry.npmjs.org/wsl-utils/-/wsl-utils-0.1.0.tgz 0ms (cache hit)
1972 http cache is-inside-container@https://registry.npmjs.org/is-inside-container/-/is-inside-container-1.0.0.tgz 0ms (cache hit)
1973 http cache define-lazy-prop@https://registry.npmjs.org/define-lazy-prop/-/define-lazy-prop-3.0.0.tgz 0ms (cache hit)
1974 http cache universalify@https://registry.npmjs.org/universalify/-/universalify-2.0.1.tgz 0ms (cache hit)
1975 http cache default-browser@https://registry.npmjs.org/default-browser/-/default-browser-5.5.0.tgz 0ms (cache hit)
1976 http cache jsonfile@https://registry.npmjs.org/jsonfile/-/jsonfile-6.2.1.tgz 0ms (cache hit)
1977 http cache graceful-fs@https://registry.npmjs.org/graceful-fs/-/graceful-fs-4.2.11.tgz 0ms (cache hit)
1978 http cache fs-extra@https://registry.npmjs.org/fs-extra/-/fs-extra-11.3.6.tgz 0ms (cache hit)
1979 http cache @types/sarif@https://registry.npmjs.org/@types/sarif/-/sarif-2.1.7.tgz 0ms (cache hit)
1980 http cache brace-expansion@https://registry.npmjs.org/brace-expansion/-/brace-expansion-5.0.7.tgz 0ms (cache hit)
1981 http cache balanced-match@https://registry.npmjs.org/balanced-match/-/balanced-match-4.0.4.tgz 0ms (cache hit)
1982 http cache mime-db@https://registry.npmjs.org/mime-db/-/mime-db-1.52.0.tgz 0ms (cache hit)
1983 http cache mdurl@https://registry.npmjs.org/mdurl/-/mdurl-2.0.0.tgz 0ms (cache hit)
1984 http cache punycode.js@https://registry.npmjs.org/punycode.js/-/punycode.js-2.3.1.tgz 0ms (cache hit)
1985 http cache linkify-it@https://registry.npmjs.org/linkify-it/-/linkify-it-5.0.2.tgz 0ms (cache hit)
1986 http cache uc.micro@https://registry.npmjs.org/uc.micro/-/uc.micro-2.1.0.tgz 0ms (cache hit)
1987 http cache yallist@https://registry.npmjs.org/yallist/-/yallist-4.0.0.tgz 0ms (cache hit)
1988 http cache prebuild-install@https://registry.npmjs.org/prebuild-install/-/prebuild-install-7.1.3.tgz 0ms (cache hit)
1989 http cache ecdsa-sig-formatter@https://registry.npmjs.org/ecdsa-sig-formatter/-/ecdsa-sig-formatter-1.0.11.tgz 0ms (cache hit)
1990 http cache node-addon-api@https://registry.npmjs.org/node-addon-api/-/node-addon-api-4.3.0.tgz 0ms (cache hit)
1991 http cache buffer-equal-constant-time@https://registry.npmjs.org/buffer-equal-constant-time/-/buffer-equal-constant-time-1.0.1.tgz 0ms (cache hit)
1992 http cache safe-buffer@https://registry.npmjs.org/safe-buffer/-/safe-buffer-5.2.1.tgz 0ms (cache hit)
1993 http cache lodash.isstring@https://registry.npmjs.org/lodash.isstring/-/lodash.isstring-4.0.1.tgz 0ms (cache hit)
1994 http cache lodash.once@https://registry.npmjs.org/lodash.once/-/lodash.once-4.1.1.tgz 0ms (cache hit)
1995 http cache jwa@https://registry.npmjs.org/jwa/-/jwa-2.0.1.tgz 0ms (cache hit)
1996 http cache lodash.isplainobject@https://registry.npmjs.org/lodash.isplainobject/-/lodash.isplainobject-4.0.6.tgz 0ms (cache hit)
1997 http cache lodash.isinteger@https://registry.npmjs.org/lodash.isinteger/-/lodash.isinteger-4.0.4.tgz 0ms (cache hit)
1998 http cache lodash.isnumber@https://registry.npmjs.org/lodash.isnumber/-/lodash.isnumber-3.0.3.tgz 0ms (cache hit)
1999 http cache lodash.includes@https://registry.npmjs.org/lodash.includes/-/lodash.includes-4.3.0.tgz 0ms (cache hit)
2000 http cache jws@https://registry.npmjs.org/jws/-/jws-4.0.1.tgz 0ms (cache hit)
2001 http cache lodash.isboolean@https://registry.npmjs.org/lodash.isboolean/-/lodash.isboolean-3.0.3.tgz 0ms (cache hit)
2002 http cache argparse@https://registry.npmjs.org/argparse/-/argparse-2.0.1.tgz 0ms (cache hit)
2003 http cache version-range@https://registry.npmjs.org/version-range/-/version-range-4.15.0.tgz 0ms (cache hit)
2004 http cache textextensions@https://registry.npmjs.org/textextensions/-/textextensions-6.11.0.tgz 0ms (cache hit)
2005 http cache binaryextensions@https://registry.npmjs.org/binaryextensions/-/binaryextensions-6.11.0.tgz 0ms (cache hit)
2006 http cache agent-base@https://registry.npmjs.org/agent-base/-/agent-base-7.1.4.tgz 0ms (cache hit)
2007 http cache safer-buffer@https://registry.npmjs.org/safer-buffer/-/safer-buffer-2.1.2.tgz 0ms (cache hit)
2008 http cache path-scurry@https://registry.npmjs.org/path-scurry/-/path-scurry-2.0.2.tgz 0ms (cache hit)
2009 http cache editions@https://registry.npmjs.org/editions/-/editions-6.22.0.tgz 0ms (cache hit)
2010 http cache minipass@https://registry.npmjs.org/minipass/-/minipass-7.1.3.tgz 0ms (cache hit)
2011 http cache math-intrinsics@https://registry.npmjs.org/math-intrinsics/-/math-intrinsics-1.1.0.tgz 0ms (cache hit)
2012 http cache dunder-proto@https://registry.npmjs.org/dunder-proto/-/dunder-proto-1.0.1.tgz 0ms (cache hit)
2013 http cache lru-cache@https://registry.npmjs.org/lru-cache/-/lru-cache-6.0.0.tgz 0ms (cache hit)
2014 http cache has-symbols@https://registry.npmjs.org/has-symbols/-/has-symbols-1.1.0.tgz 0ms (cache hit)
2015 http cache gopd@https://registry.npmjs.org/gopd/-/gopd-1.2.0.tgz 0ms (cache hit)
2016 http cache get-proto@https://registry.npmjs.org/get-proto/-/get-proto-1.0.1.tgz 0ms (cache hit)
2017 http cache function-bind@https://registry.npmjs.org/function-bind/-/function-bind-1.1.2.tgz 0ms (cache hit)
2018 http cache es-object-atoms@https://registry.npmjs.org/es-object-atoms/-/es-object-atoms-1.1.2.tgz 0ms (cache hit)
2019 http cache es-define-property@https://registry.npmjs.org/es-define-property/-/es-define-property-1.0.1.tgz 0ms (cache hit)
2020 http cache call-bind-apply-helpers@https://registry.npmjs.org/call-bind-apply-helpers/-/call-bind-apply-helpers-1.0.2.tgz 0ms (cache hit)
2021 http cache get-intrinsic@https://registry.npmjs.org/get-intrinsic/-/get-intrinsic-1.3.0.tgz 1ms (cache hit)
2022 http cache es-errors@https://registry.npmjs.org/es-errors/-/es-errors-1.3.0.tgz 0ms (cache hit)
2023 http cache has-tostringtag@https://registry.npmjs.org/has-tostringtag/-/has-tostringtag-1.0.2.tgz 0ms (cache hit)
2024 http cache delayed-stream@https://registry.npmjs.org/delayed-stream/-/delayed-stream-1.0.0.tgz 0ms (cache hit)
2025 http cache mime-types@https://registry.npmjs.org/mime-types/-/mime-types-2.1.35.tgz 0ms (cache hit)
2026 http cache es-set-tostringtag@https://registry.npmjs.org/es-set-tostringtag/-/es-set-tostringtag-2.1.0.tgz 0ms (cache hit)
2027 http cache combined-stream@https://registry.npmjs.org/combined-stream/-/combined-stream-1.0.8.tgz 0ms (cache hit)
2028 http cache hasown@https://registry.npmjs.org/hasown/-/hasown-2.0.4.tgz 0ms (cache hit)
2029 http cache asynckit@https://registry.npmjs.org/asynckit/-/asynckit-0.4.0.tgz 0ms (cache hit)
2030 http cache @esbuild/linux-x64@https://registry.npmjs.org/@esbuild/linux-x64/-/linux-x64-0.28.1.tgz 0ms (cache hit)
2031 http cache whatwg-encoding@https://registry.npmjs.org/whatwg-encoding/-/whatwg-encoding-3.1.1.tgz 0ms (cache hit)
2032 http cache iconv-lite@https://registry.npmjs.org/iconv-lite/-/iconv-lite-0.6.3.tgz 0ms (cache hit)
2033 http cache ms@https://registry.npmjs.org/ms/-/ms-2.1.3.tgz 0ms (cache hit)
2034 http cache color-name@https://registry.npmjs.org/color-name/-/color-name-1.1.4.tgz 0ms (cache hit)
2035 http cache nth-check@https://registry.npmjs.org/nth-check/-/nth-check-2.1.1.tgz 0ms (cache hit)
2036 http cache domelementtype@https://registry.npmjs.org/domelementtype/-/domelementtype-2.3.0.tgz 0ms (cache hit)
2037 http cache entities@https://registry.npmjs.org/entities/-/entities-4.5.0.tgz 0ms (cache hit)
2038 http cache css-what@https://registry.npmjs.org/css-what/-/css-what-6.2.2.tgz 0ms (cache hit)
2039 http cache boolbase@https://registry.npmjs.org/boolbase/-/boolbase-1.0.0.tgz 0ms (cache hit)
2040 http cache css-select@https://registry.npmjs.org/css-select/-/css-select-5.2.2.tgz 0ms (cache hit)
2041 http cache whatwg-mimetype@https://registry.npmjs.org/whatwg-mimetype/-/whatwg-mimetype-4.0.0.tgz 0ms (cache hit)
2042 http cache undici@https://registry.npmjs.org/undici/-/undici-7.28.0.tgz 0ms (cache hit)
2043 http cache parse5-parser-stream@https://registry.npmjs.org/parse5-parser-stream/-/parse5-parser-stream-7.1.2.tgz 1ms (cache hit)
2044 http cache parse5-htmlparser2-tree-adapter@https://registry.npmjs.org/parse5-htmlparser2-tree-adapter/-/parse5-htmlparser2-tree-adapter-7.1.0.tgz 0ms (cache hit)
2045 http cache parse5@https://registry.npmjs.org/parse5/-/parse5-7.3.0.tgz 0ms (cache hit)
2046 http cache htmlparser2@https://registry.npmjs.org/htmlparser2/-/htmlparser2-10.1.0.tgz 0ms (cache hit)
2047 http cache encoding-sniffer@https://registry.npmjs.org/encoding-sniffer/-/encoding-sniffer-0.2.1.tgz 0ms (cache hit)
2048 http cache domutils@https://registry.npmjs.org/domutils/-/domutils-3.2.2.tgz 0ms (cache hit)
2049 http cache domhandler@https://registry.npmjs.org/domhandler/-/domhandler-5.0.3.tgz 0ms (cache hit)
2050 http cache dom-serializer@https://registry.npmjs.org/dom-serializer/-/dom-serializer-2.0.0.tgz 0ms (cache hit)
2051 http cache cheerio-select@https://registry.npmjs.org/cheerio-select/-/cheerio-select-2.1.0.tgz 0ms (cache hit)
2052 http cache color-convert@https://registry.npmjs.org/color-convert/-/color-convert-2.0.1.tgz 0ms (cache hit)
2053 http cache supports-color@https://registry.npmjs.org/supports-color/-/supports-color-7.2.0.tgz 0ms (cache hit)
2054 http cache ansi-styles@https://registry.npmjs.org/ansi-styles/-/ansi-styles-4.3.0.tgz 0ms (cache hit)
2055 http cache tunnel@https://registry.npmjs.org/tunnel/-/tunnel-0.0.6.tgz 0ms (cache hit)
2056 http cache require-from-string@https://registry.npmjs.org/require-from-string/-/require-from-string-2.0.2.tgz 0ms (cache hit)
2057 http cache json-schema-traverse@https://registry.npmjs.org/json-schema-traverse/-/json-schema-traverse-1.0.0.tgz 0ms (cache hit)
2058 http cache fast-uri@https://registry.npmjs.org/fast-uri/-/fast-uri-3.1.3.tgz 0ms (cache hit)
2059 http cache fast-deep-equal@https://registry.npmjs.org/fast-deep-equal/-/fast-deep-equal-3.1.3.tgz 0ms (cache hit)
2060 http cache https-proxy-agent@https://registry.npmjs.org/https-proxy-agent/-/https-proxy-agent-7.0.6.tgz 0ms (cache hit)
2061 http cache @vscode/vsce-sign-linux-x64@https://registry.npmjs.org/@vscode/vsce-sign-linux-x64/-/vsce-sign-linux-x64-2.0.6.tgz 0ms (cache hit)
2062 http cache http-proxy-agent@https://registry.npmjs.org/http-proxy-agent/-/http-proxy-agent-7.0.2.tgz 0ms (cache hit)
2063 http cache @textlint/ast-node-types@https://registry.npmjs.org/@textlint/ast-node-types/-/ast-node-types-15.7.1.tgz 0ms (cache hit)
2064 http cache lodash@https://registry.npmjs.org/lodash/-/lodash-4.18.1.tgz 0ms (cache hit)
2065 http cache text-table@https://registry.npmjs.org/text-table/-/text-table-0.2.0.tgz 0ms (cache hit)
2066 http cache string-width@https://registry.npmjs.org/string-width/-/string-width-4.2.3.tgz 0ms (cache hit)
2067 http cache js-yaml@https://registry.npmjs.org/js-yaml/-/js-yaml-4.3.0.tgz 0ms (cache hit)
2068 http cache @textlint/resolver@https://registry.npmjs.org/@textlint/resolver/-/resolver-15.7.1.tgz 0ms (cache hit)
2069 http cache @azu/style-format@https://registry.npmjs.org/@azu/style-format/-/style-format-1.0.1.tgz 0ms (cache hit)
2070 http cache istextorbinary@https://registry.npmjs.org/istextorbinary/-/istextorbinary-9.5.0.tgz 0ms (cache hit)
2071 http cache @azu/format-text@https://registry.npmjs.org/@azu/format-text/-/format-text-1.0.2.tgz 0ms (cache hit)
2072 http cache node-sarif-builder@https://registry.npmjs.org/node-sarif-builder/-/node-sarif-builder-3.4.0.tgz 0ms (cache hit)
2073 http cache table@https://registry.npmjs.org/table/-/table-6.9.0.tgz 0ms (cache hit)
2074 http cache terminal-link@https://registry.npmjs.org/terminal-link/-/terminal-link-4.0.0.tgz 0ms (cache hit)
2075 http cache strip-ansi@https://registry.npmjs.org/strip-ansi/-/strip-ansi-7.2.0.tgz 0ms (cache hit)
2076 http cache pluralize@https://registry.npmjs.org/pluralize/-/pluralize-8.0.0.tgz 0ms (cache hit)
2077 http cache @textlint/types@https://registry.npmjs.org/@textlint/types/-/types-15.7.1.tgz 0ms (cache hit)
2078 http cache @textlint/linter-formatter@https://registry.npmjs.org/@textlint/linter-formatter/-/linter-formatter-15.7.1.tgz 0ms (cache hit)
2079 http cache @textlint/module-interop@https://registry.npmjs.org/@textlint/module-interop/-/module-interop-15.7.1.tgz 0ms (cache hit)
2080 http cache rc-config-loader@https://registry.npmjs.org/rc-config-loader/-/rc-config-loader-4.1.4.tgz 0ms (cache hit)
2081 http cache ajv@https://registry.npmjs.org/ajv/-/ajv-8.20.0.tgz 0ms (cache hit)
2082 http cache structured-source@https://registry.npmjs.org/structured-source/-/structured-source-4.0.0.tgz 0ms (cache hit)
2083 http cache @secretlint/resolver@https://registry.npmjs.org/@secretlint/resolver/-/resolver-10.2.2.tgz 0ms (cache hit)
2084 http cache p-map@https://registry.npmjs.org/p-map/-/p-map-7.0.5.tgz 0ms (cache hit)
2085 http cache debug@https://registry.npmjs.org/debug/-/debug-4.4.3.tgz 0ms (cache hit)
2086 http cache @secretlint/types@https://registry.npmjs.org/@secretlint/types/-/types-10.2.2.tgz 0ms (cache hit)
2087 http cache @secretlint/source-creator@https://registry.npmjs.org/@secretlint/source-creator/-/source-creator-10.2.2.tgz 0ms (cache hit)
2088 http cache @secretlint/profiler@https://registry.npmjs.org/@secretlint/profiler/-/profiler-10.2.2.tgz 0ms (cache hit)
2089 http cache @secretlint/formatter@https://registry.npmjs.org/@secretlint/formatter/-/formatter-10.2.2.tgz 0ms (cache hit)
2090 http cache @secretlint/core@https://registry.npmjs.org/@secretlint/core/-/core-10.2.2.tgz 0ms (cache hit)
2091 http cache @secretlint/config-loader@https://registry.npmjs.org/@secretlint/config-loader/-/config-loader-10.2.2.tgz 0ms (cache hit)
2092 http cache jsonwebtoken@https://registry.npmjs.org/jsonwebtoken/-/jsonwebtoken-9.0.3.tgz 0ms (cache hit)
2093 http cache @azure/msal-common@https://registry.npmjs.org/@azure/msal-common/-/msal-common-16.11.0.tgz 0ms (cache hit)
2094 http cache @typespec/ts-http-runtime@https://registry.npmjs.org/@typespec/ts-http-runtime/-/ts-http-runtime-0.3.6.tgz 0ms (cache hit)
2095 http cache tslib@https://registry.npmjs.org/tslib/-/tslib-2.8.1.tgz 0ms (cache hit)
2096 http cache open@https://registry.npmjs.org/open/-/open-10.2.0.tgz 0ms (cache hit)
2097 http cache @azure/msal-node@https://registry.npmjs.org/@azure/msal-node/-/msal-node-5.3.1.tgz 0ms (cache hit)
2098 http cache @azure/msal-browser@https://registry.npmjs.org/@azure/msal-browser/-/msal-browser-5.16.0.tgz 0ms (cache hit)
2099 http cache @azure/core-util@https://registry.npmjs.org/@azure/core-util/-/core-util-1.13.1.tgz 0ms (cache hit)
2100 http cache @azure/logger@https://registry.npmjs.org/@azure/logger/-/logger-1.3.0.tgz 0ms (cache hit)
2101 http cache @azure/core-tracing@https://registry.npmjs.org/@azure/core-tracing/-/core-tracing-1.3.1.tgz 0ms (cache hit)
2102 http cache @azure/core-rest-pipeline@https://registry.npmjs.org/@azure/core-rest-pipeline/-/core-rest-pipeline-1.24.0.tgz 0ms (cache hit)
2103 http cache @azure/core-client@https://registry.npmjs.org/@azure/core-client/-/core-client-1.10.2.tgz 0ms (cache hit)
2104 http cache @azure/core-auth@https://registry.npmjs.org/@azure/core-auth/-/core-auth-1.10.1.tgz 0ms (cache hit)
2105 http cache @azure/abort-controller@https://registry.npmjs.org/@azure/abort-controller/-/abort-controller-2.1.2.tgz 0ms (cache hit)
2106 http cache yazl@https://registry.npmjs.org/yazl/-/yazl-2.5.1.tgz 0ms (cache hit)
2107 http cache yauzl@https://registry.npmjs.org/yauzl/-/yauzl-3.4.0.tgz 0ms (cache hit)
2108 http cache xml2js@https://registry.npmjs.org/xml2js/-/xml2js-0.5.0.tgz 0ms (cache hit)
2109 http cache url-join@https://registry.npmjs.org/url-join/-/url-join-4.0.1.tgz 0ms (cache hit)
2110 http cache typed-rest-client@https://registry.npmjs.org/typed-rest-client/-/typed-rest-client-1.8.11.tgz 0ms (cache hit)
2111 http cache tmp@https://registry.npmjs.org/tmp/-/tmp-0.2.7.tgz 0ms (cache hit)
2112 http cache semver@https://registry.npmjs.org/semver/-/semver-7.8.5.tgz 0ms (cache hit)
2113 http cache secretlint@https://registry.npmjs.org/secretlint/-/secretlint-10.2.2.tgz 0ms (cache hit)
2114 http cache read@https://registry.npmjs.org/read/-/read-1.0.7.tgz 0ms (cache hit)
2115 http cache minimatch@https://registry.npmjs.org/minimatch/-/minimatch-10.2.5.tgz 0ms (cache hit)
2116 http cache mime@https://registry.npmjs.org/mime/-/mime-1.6.0.tgz 0ms (cache hit)
2117 http cache parse-semver@https://registry.npmjs.org/parse-semver/-/parse-semver-1.1.1.tgz 0ms (cache hit)
2118 http cache markdown-it@https://registry.npmjs.org/markdown-it/-/markdown-it-14.3.0.tgz 0ms (cache hit)
2119 http cache jsonc-parser@https://registry.npmjs.org/jsonc-parser/-/jsonc-parser-3.3.1.tgz 0ms (cache hit)
2120 http cache keytar@https://registry.npmjs.org/keytar/-/keytar-7.9.0.tgz 0ms (cache hit)
2121 http cache hosted-git-info@https://registry.npmjs.org/hosted-git-info/-/hosted-git-info-4.1.0.tgz 0ms (cache hit)
2122 http cache leven@https://registry.npmjs.org/leven/-/leven-3.1.0.tgz 0ms (cache hit)
2123 http cache glob@https://registry.npmjs.org/glob/-/glob-13.0.6.tgz 0ms (cache hit)
2124 http cache commander@https://registry.npmjs.org/commander/-/commander-12.1.0.tgz 0ms (cache hit)
2125 http cache cockatiel@https://registry.npmjs.org/cockatiel/-/cockatiel-3.2.1.tgz 0ms (cache hit)
2126 http cache form-data@https://registry.npmjs.org/form-data/-/form-data-4.0.6.tgz 0ms (cache hit)
2127 http cache azure-devops-node-api@https://registry.npmjs.org/azure-devops-node-api/-/azure-devops-node-api-12.5.0.tgz 0ms (cache hit)
2128 http cache chalk@https://registry.npmjs.org/chalk/-/chalk-4.1.2.tgz 0ms (cache hit)
2129 http cache @vscode/vsce-sign@https://registry.npmjs.org/@vscode/vsce-sign/-/vsce-sign-2.0.9.tgz 0ms (cache hit)
2130 http cache cheerio@https://registry.npmjs.org/cheerio/-/cheerio-1.2.0.tgz 0ms (cache hit)
2131 http cache @secretlint/secretlint-rule-preset-recommend@https://registry.npmjs.org/@secretlint/secretlint-rule-preset-recommend/-/secretlint-rule-preset-recommend-10.2.2.tgz 0ms (cache hit)
2132 http cache @secretlint/secretlint-rule-no-dotenv@https://registry.npmjs.org/@secretlint/secretlint-rule-no-dotenv/-/secretlint-rule-no-dotenv-10.2.2.tgz 0ms (cache hit)
2133 http cache @secretlint/secretlint-formatter-sarif@https://registry.npmjs.org/@secretlint/secretlint-formatter-sarif/-/secretlint-formatter-sarif-10.2.2.tgz 0ms (cache hit)
2134 http cache @secretlint/node@https://registry.npmjs.org/@secretlint/node/-/node-10.2.2.tgz 0ms (cache hit)
2135 http cache @azure/identity@https://registry.npmjs.org/@azure/identity/-/identity-4.13.1.tgz 0ms (cache hit)
2136 http cache w3c-keyname@https://registry.npmjs.org/w3c-keyname/-/w3c-keyname-2.2.8.tgz 0ms (cache hit)
2137 http cache crelt@https://registry.npmjs.org/crelt/-/crelt-1.0.7.tgz 0ms (cache hit)
2138 http cache @marijn/find-cluster-break@https://registry.npmjs.org/@marijn/find-cluster-break/-/find-cluster-break-1.0.3.tgz 0ms (cache hit)
2139 http cache @lezer/lr@https://registry.npmjs.org/@lezer/lr/-/lr-1.4.10.tgz 0ms (cache hit)
2140 http cache style-mod@https://registry.npmjs.org/style-mod/-/style-mod-4.1.3.tgz 0ms (cache hit)
2141 http cache esbuild@https://registry.npmjs.org/esbuild/-/esbuild-0.28.1.tgz 0ms (cache hit)
2142 http cache @vscode/vsce@https://registry.npmjs.org/@vscode/vsce/-/vsce-3.9.2.tgz 0ms (cache hit)
2143 http cache @types/vscode@https://registry.npmjs.org/@types/vscode/-/vscode-1.125.0.tgz 0ms (cache hit)
2144 http cache @lezer/highlight@https://registry.npmjs.org/@lezer/highlight/-/highlight-1.2.3.tgz 0ms (cache hit)
2145 http cache @lezer/common@https://registry.npmjs.org/@lezer/common/-/common-1.5.2.tgz 0ms (cache hit)
2146 http cache @codemirror/view@https://registry.npmjs.org/@codemirror/view/-/view-6.43.4.tgz 0ms (cache hit)
2147 http cache @lezer/markdown@https://registry.npmjs.org/@lezer/markdown/-/markdown-1.6.4.tgz 0ms (cache hit)
2148 http cache @codemirror/state@https://registry.npmjs.org/@codemirror/state/-/state-6.7.0.tgz 0ms (cache hit)
2149 http cache @codemirror/language@https://registry.npmjs.org/@codemirror/language/-/language-6.12.4.tgz 0ms (cache hit)
2150 http cache @codemirror/search@https://registry.npmjs.org/@codemirror/search/-/search-6.7.1.tgz 0ms (cache hit)
2151 http cache @codemirror/commands@https://registry.npmjs.org/@codemirror/commands/-/commands-6.10.4.tgz 0ms (cache hit)
2152 http cache lru-cache@https://registry.npmjs.org/lru-cache/-/lru-cache-10.4.3.tgz 0ms (cache hit)
2153 http cache hosted-git-info@https://registry.npmjs.org/hosted-git-info/-/hosted-git-info-7.0.2.tgz 0ms (cache hit)
2154 http cache unicorn-magic@https://registry.npmjs.org/unicorn-magic/-/unicorn-magic-0.1.0.tgz 0ms (cache hit)
2155 http cache lru-cache@https://registry.npmjs.org/lru-cache/-/lru-cache-11.5.1.tgz 0ms (cache hit)
2156 http cache entities@https://registry.npmjs.org/entities/-/entities-6.0.1.tgz 0ms (cache hit)
2157 http cache strip-ansi@https://registry.npmjs.org/strip-ansi/-/strip-ansi-6.0.1.tgz 0ms (cache hit)
2158 http cache ansi-regex@https://registry.npmjs.org/ansi-regex/-/ansi-regex-5.0.1.tgz 0ms (cache hit)
2159 http cache entities@https://registry.npmjs.org/entities/-/entities-7.0.1.tgz 0ms (cache hit)
2160 http cache ansi-regex@https://registry.npmjs.org/ansi-regex/-/ansi-regex-5.0.1.tgz 0ms (cache hit)
2161 http cache ansi-regex@https://registry.npmjs.org/ansi-regex/-/ansi-regex-5.0.1.tgz 0ms (cache hit)
2162 http cache strip-ansi@https://registry.npmjs.org/strip-ansi/-/strip-ansi-6.0.1.tgz 0ms (cache hit)
2163 http cache pluralize@https://registry.npmjs.org/pluralize/-/pluralize-2.0.0.tgz 0ms (cache hit)
2164 http cache semver@https://registry.npmjs.org/semver/-/semver-5.7.2.tgz 0ms (cache hit)
2165 http cache strip-ansi@https://registry.npmjs.org/strip-ansi/-/strip-ansi-6.0.1.tgz 0ms (cache hit)
2166 http cache chalk@https://registry.npmjs.org/chalk/-/chalk-5.6.2.tgz 0ms (cache hit)
2167 silly tarball no local data for buffer-crc32@https://registry.npmjs.org/buffer-crc32/-/buffer-crc32-0.2.13.tgz. Extracting by manifest.
2168 silly tarball no local data for xmlbuilder@https://registry.npmjs.org/xmlbuilder/-/xmlbuilder-11.0.1.tgz. Extracting by manifest.
2169 silly tarball no local data for pend@https://registry.npmjs.org/pend/-/pend-1.2.0.tgz. Extracting by manifest.
2170 silly tarball no local data for sax@https://registry.npmjs.org/sax/-/sax-1.6.0.tgz. Extracting by manifest.
2171 silly tarball no local data for is-wsl@https://registry.npmjs.org/is-wsl/-/is-wsl-3.1.1.tgz. Extracting by manifest.
2172 silly tarball no local data for spdx-expression-parse@https://registry.npmjs.org/spdx-expression-parse/-/spdx-expression-parse-3.0.1.tgz. Extracting by manifest.
2173 silly tarball no local data for spdx-license-ids@https://registry.npmjs.org/spdx-license-ids/-/spdx-license-ids-3.0.23.tgz. Extracting by manifest.
2174 silly tarball no local data for spdx-exceptions@https://registry.npmjs.org/spdx-exceptions/-/spdx-exceptions-2.5.0.tgz. Extracting by manifest.
2175 silly tarball no local data for spdx-correct@https://registry.npmjs.org/spdx-correct/-/spdx-correct-3.2.0.tgz. Extracting by manifest.
2176 silly tarball no local data for call-bound@https://registry.npmjs.org/call-bound/-/call-bound-1.0.4.tgz. Extracting by manifest.
2177 silly tarball no local data for side-channel-map@https://registry.npmjs.org/side-channel-map/-/side-channel-map-1.0.1.tgz. Extracting by manifest.
2178 silly tarball no local data for object-inspect@https://registry.npmjs.org/object-inspect/-/object-inspect-1.13.4.tgz. Extracting by manifest.
2179 silly tarball no local data for side-channel-weakmap@https://registry.npmjs.org/side-channel-weakmap/-/side-channel-weakmap-1.0.2.tgz. Extracting by manifest.
2180 silly tarball no local data for side-channel@https://registry.npmjs.org/side-channel/-/side-channel-1.1.1.tgz. Extracting by manifest.
2181 silly tarball no local data for underscore@https://registry.npmjs.org/underscore/-/underscore-1.13.8.tgz. Extracting by manifest.
2182 silly tarball no local data for side-channel-list@https://registry.npmjs.org/side-channel-list/-/side-channel-list-1.0.1.tgz. Extracting by manifest.
2183 silly tarball no local data for qs@https://registry.npmjs.org/qs/-/qs-6.15.3.tgz. Extracting by manifest.
2184 silly tarball no local data for is-number@https://registry.npmjs.org/is-number/-/is-number-7.0.0.tgz. Extracting by manifest.
2185 silly tarball no local data for supports-hyperlinks@https://registry.npmjs.org/supports-hyperlinks/-/supports-hyperlinks-3.2.0.tgz. Extracting by manifest.
2186 silly tarball no local data for environment@https://registry.npmjs.org/environment/-/environment-1.1.0.tgz. Extracting by manifest.
2187 silly tarball no local data for util-deprecate@https://registry.npmjs.org/util-deprecate/-/util-deprecate-1.0.2.tgz. Extracting by manifest.
2188 silly tarball no local data for ansi-escapes@https://registry.npmjs.org/ansi-escapes/-/ansi-escapes-7.3.0.tgz. Extracting by manifest.
2189 silly tarball no local data for ieee754@https://registry.npmjs.org/ieee754/-/ieee754-1.2.1.tgz. Extracting by manifest.
2190 silly tarball no local data for buffer@https://registry.npmjs.org/buffer/-/buffer-5.7.1.tgz. Extracting by manifest.
2191 silly tarball no local data for base64-js@https://registry.npmjs.org/base64-js/-/base64-js-1.5.1.tgz. Extracting by manifest.
2192 silly tarball no local data for readable-stream@https://registry.npmjs.org/readable-stream/-/readable-stream-3.6.2.tgz. Extracting by manifest.
2193 silly tarball no local data for string_decoder@https://registry.npmjs.org/string_decoder/-/string_decoder-1.3.0.tgz. Extracting by manifest.
2194 silly tarball no local data for inherits@https://registry.npmjs.org/inherits/-/inherits-2.0.4.tgz. Extracting by manifest.
2195 silly tarball no local data for bl@https://registry.npmjs.org/bl/-/bl-4.1.0.tgz. Extracting by manifest.
2196 silly tarball no local data for fs-constants@https://registry.npmjs.org/fs-constants/-/fs-constants-1.0.0.tgz. Extracting by manifest.
2197 silly tarball no local data for tar-stream@https://registry.npmjs.org/tar-stream/-/tar-stream-2.2.0.tgz. Extracting by manifest.
2198 silly tarball no local data for chownr@https://registry.npmjs.org/chownr/-/chownr-1.1.4.tgz. Extracting by manifest.
2199 silly tarball no local data for astral-regex@https://registry.npmjs.org/astral-regex/-/astral-regex-2.0.0.tgz. Extracting by manifest.
2200 silly tarball no local data for slice-ansi@https://registry.npmjs.org/slice-ansi/-/slice-ansi-4.0.0.tgz. Extracting by manifest.
2201 silly tarball no local data for lodash.truncate@https://registry.npmjs.org/lodash.truncate/-/lodash.truncate-4.4.2.tgz. Extracting by manifest.
2202 silly tarball no local data for has-flag@https://registry.npmjs.org/has-flag/-/has-flag-4.0.0.tgz. Extracting by manifest.
2203 silly tarball no local data for ansi-regex@https://registry.npmjs.org/ansi-regex/-/ansi-regex-6.2.2.tgz. Extracting by manifest.
2204 silly tarball no local data for boundary@https://registry.npmjs.org/boundary/-/boundary-2.0.0.tgz. Extracting by manifest.
2205 silly tarball no local data for is-fullwidth-code-point@https://registry.npmjs.org/is-fullwidth-code-point/-/is-fullwidth-code-point-3.0.0.tgz. Extracting by manifest.
2206 silly tarball no local data for emoji-regex@https://registry.npmjs.org/emoji-regex/-/emoji-regex-8.0.0.tgz. Extracting by manifest.
2207 silly tarball no local data for simple-concat@https://registry.npmjs.org/simple-concat/-/simple-concat-1.0.1.tgz. Extracting by manifest.
2208 silly tarball no local data for queue-microtask@https://registry.npmjs.org/queue-microtask/-/queue-microtask-1.2.3.tgz. Extracting by manifest.
2209 silly tarball no local data for mimic-response@https://registry.npmjs.org/mimic-response/-/mimic-response-3.1.0.tgz. Extracting by manifest.
2210 silly tarball no local data for decompress-response@https://registry.npmjs.org/decompress-response/-/decompress-response-6.0.0.tgz. Extracting by manifest.
2211 silly tarball no local data for js-tokens@https://registry.npmjs.org/js-tokens/-/js-tokens-4.0.0.tgz. Extracting by manifest.
2212 silly tarball no local data for picocolors@https://registry.npmjs.org/picocolors/-/picocolors-1.1.1.tgz. Extracting by manifest.
2213 silly tarball no local data for @babel/helper-validator-identifier@https://registry.npmjs.org/@babel/helper-validator-identifier/-/helper-validator-identifier-7.29.7.tgz. Extracting by manifest.
2214 silly tarball no local data for @babel/code-frame@https://registry.npmjs.org/@babel/code-frame/-/code-frame-7.29.7.tgz. Extracting by manifest.
2215 silly tarball no local data for validate-npm-package-license@https://registry.npmjs.org/validate-npm-package-license/-/validate-npm-package-license-3.0.4.tgz. Extracting by manifest.
2216 silly tarball no local data for type-fest@https://registry.npmjs.org/type-fest/-/type-fest-4.41.0.tgz. Extracting by manifest.
2217 silly tarball no local data for index-to-position@https://registry.npmjs.org/index-to-position/-/index-to-position-1.2.0.tgz. Extracting by manifest.
2218 silly tarball no local data for parse-json@https://registry.npmjs.org/parse-json/-/parse-json-8.3.0.tgz. Extracting by manifest.
2219 silly tarball no local data for normalize-package-data@https://registry.npmjs.org/normalize-package-data/-/normalize-package-data-6.0.2.tgz. Extracting by manifest.
2220 silly tarball no local data for to-regex-range@https://registry.npmjs.org/to-regex-range/-/to-regex-range-5.0.1.tgz. Extracting by manifest.
2221 silly tarball no local data for fill-range@https://registry.npmjs.org/fill-range/-/fill-range-7.1.1.tgz. Extracting by manifest.
2222 silly tarball no local data for picomatch@https://registry.npmjs.org/picomatch/-/picomatch-2.3.2.tgz. Extracting by manifest.
2223 silly tarball no local data for braces@https://registry.npmjs.org/braces/-/braces-3.0.3.tgz. Extracting by manifest.
2224 silly tarball no local data for @types/normalize-package-data@https://registry.npmjs.org/@types/normalize-package-data/-/normalize-package-data-2.4.4.tgz. Extracting by manifest.
2225 silly tarball no local data for is-extglob@https://registry.npmjs.org/is-extglob/-/is-extglob-2.1.1.tgz. Extracting by manifest.
2226 silly tarball no local data for is-glob@https://registry.npmjs.org/is-glob/-/is-glob-4.0.3.tgz. Extracting by manifest.
2227 silly tarball no local data for reusify@https://registry.npmjs.org/reusify/-/reusify-1.1.0.tgz. Extracting by manifest.
2228 silly tarball no local data for run-parallel@https://registry.npmjs.org/run-parallel/-/run-parallel-1.2.0.tgz. Extracting by manifest.
2229 silly tarball no local data for fastq@https://registry.npmjs.org/fastq/-/fastq-1.20.1.tgz. Extracting by manifest.
2230 silly tarball no local data for micromatch@https://registry.npmjs.org/micromatch/-/micromatch-4.0.8.tgz. Extracting by manifest.
2231 silly tarball no local data for @nodelib/fs.scandir@https://registry.npmjs.org/@nodelib/fs.scandir/-/fs.scandir-2.1.5.tgz. Extracting by manifest.
2232 silly tarball no local data for merge2@https://registry.npmjs.org/merge2/-/merge2-1.4.1.tgz. Extracting by manifest.
2233 silly tarball no local data for glob-parent@https://registry.npmjs.org/glob-parent/-/glob-parent-5.1.2.tgz. Extracting by manifest.
2234 silly tarball no local data for @nodelib/fs.stat@https://registry.npmjs.org/@nodelib/fs.stat/-/fs.stat-2.0.5.tgz. Extracting by manifest.
2235 silly tarball no local data for @nodelib/fs.walk@https://registry.npmjs.org/@nodelib/fs.walk/-/fs.walk-1.2.8.tgz. Extracting by manifest.
2236 silly tarball no local data for unicorn-magic@https://registry.npmjs.org/unicorn-magic/-/unicorn-magic-0.3.0.tgz. Extracting by manifest.
2237 silly tarball no local data for slash@https://registry.npmjs.org/slash/-/slash-5.1.0.tgz. Extracting by manifest.
2238 silly tarball no local data for path-type@https://registry.npmjs.org/path-type/-/path-type-6.0.0.tgz. Extracting by manifest.
2239 silly tarball no local data for ignore@https://registry.npmjs.org/ignore/-/ignore-7.0.5.tgz. Extracting by manifest.
2240 silly tarball no local data for fast-glob@https://registry.npmjs.org/fast-glob/-/fast-glob-3.3.3.tgz. Extracting by manifest.
2241 silly tarball no local data for @sindresorhus/merge-streams@https://registry.npmjs.org/@sindresorhus/merge-streams/-/merge-streams-2.3.0.tgz. Extracting by manifest.
2242 silly tarball no local data for read-pkg@https://registry.npmjs.org/read-pkg/-/read-pkg-9.0.1.tgz. Extracting by manifest.
2243 silly tarball no local data for globby@https://registry.npmjs.org/globby/-/globby-14.1.0.tgz. Extracting by manifest.
2244 silly tarball no local data for @secretlint/config-creator@https://registry.npmjs.org/@secretlint/config-creator/-/config-creator-10.2.2.tgz. Extracting by manifest.
2245 silly tarball no local data for mute-stream@https://registry.npmjs.org/mute-stream/-/mute-stream-0.0.8.tgz. Extracting by manifest.
2246 silly tarball no local data for json5@https://registry.npmjs.org/json5/-/json5-2.2.3.tgz. Extracting by manifest.
2247 silly tarball no local data for strip-json-comments@https://registry.npmjs.org/strip-json-comments/-/strip-json-comments-2.0.1.tgz. Extracting by manifest.
2248 silly tarball no local data for ini@https://registry.npmjs.org/ini/-/ini-1.3.8.tgz. Extracting by manifest.
2249 silly tarball no local data for once@https://registry.npmjs.org/once/-/once-1.4.0.tgz. Extracting by manifest.
2250 silly tarball no local data for deep-extend@https://registry.npmjs.org/deep-extend/-/deep-extend-0.6.0.tgz. Extracting by manifest.
2251 silly tarball no local data for end-of-stream@https://registry.npmjs.org/end-of-stream/-/end-of-stream-1.4.5.tgz. Extracting by manifest.
2252 silly tarball no local data for wrappy@https://registry.npmjs.org/wrappy/-/wrappy-1.0.2.tgz. Extracting by manifest.
2253 silly tarball no local data for tar-fs@https://registry.npmjs.org/tar-fs/-/tar-fs-2.1.5.tgz. Extracting by manifest.
2254 silly tarball no local data for tunnel-agent@https://registry.npmjs.org/tunnel-agent/-/tunnel-agent-0.6.0.tgz. Extracting by manifest.
2255 silly tarball no local data for simple-get@https://registry.npmjs.org/simple-get/-/simple-get-4.0.1.tgz. Extracting by manifest.
2256 silly tarball no local data for pump@https://registry.npmjs.org/pump/-/pump-3.0.4.tgz. Extracting by manifest.
2257 silly tarball no local data for node-abi@https://registry.npmjs.org/node-abi/-/node-abi-3.94.0.tgz. Extracting by manifest.
2258 silly tarball no local data for rc@https://registry.npmjs.org/rc/-/rc-1.2.8.tgz. Extracting by manifest.
2259 silly tarball no local data for napi-build-utils@https://registry.npmjs.org/napi-build-utils/-/napi-build-utils-2.0.0.tgz. Extracting by manifest.
2260 silly tarball no local data for mkdirp-classic@https://registry.npmjs.org/mkdirp-classic/-/mkdirp-classic-0.5.3.tgz. Extracting by manifest.
2261 silly tarball no local data for minimist@https://registry.npmjs.org/minimist/-/minimist-1.2.8.tgz. Extracting by manifest.
2262 silly tarball no local data for github-from-package@https://registry.npmjs.org/github-from-package/-/github-from-package-0.0.0.tgz. Extracting by manifest.
2263 silly tarball no local data for expand-template@https://registry.npmjs.org/expand-template/-/expand-template-2.0.3.tgz. Extracting by manifest.
2264 silly tarball no local data for detect-libc@https://registry.npmjs.org/detect-libc/-/detect-libc-2.1.2.tgz. Extracting by manifest.
2265 silly tarball no local data for is-docker@https://registry.npmjs.org/is-docker/-/is-docker-3.0.0.tgz. Extracting by manifest.
2266 silly tarball no local data for run-applescript@https://registry.npmjs.org/run-applescript/-/run-applescript-7.1.0.tgz. Extracting by manifest.
2267 silly tarball no local data for default-browser-id@https://registry.npmjs.org/default-browser-id/-/default-browser-id-5.0.1.tgz. Extracting by manifest.
2268 silly tarball no local data for bundle-name@https://registry.npmjs.org/bundle-name/-/bundle-name-4.1.0.tgz. Extracting by manifest.
2269 silly tarball no local data for wsl-utils@https://registry.npmjs.org/wsl-utils/-/wsl-utils-0.1.0.tgz. Extracting by manifest.
2270 silly tarball no local data for is-inside-container@https://registry.npmjs.org/is-inside-container/-/is-inside-container-1.0.0.tgz. Extracting by manifest.
2271 silly tarball no local data for define-lazy-prop@https://registry.npmjs.org/define-lazy-prop/-/define-lazy-prop-3.0.0.tgz. Extracting by manifest.
2272 silly tarball no local data for universalify@https://registry.npmjs.org/universalify/-/universalify-2.0.1.tgz. Extracting by manifest.
2273 silly tarball no local data for default-browser@https://registry.npmjs.org/default-browser/-/default-browser-5.5.0.tgz. Extracting by manifest.
2274 silly tarball no local data for jsonfile@https://registry.npmjs.org/jsonfile/-/jsonfile-6.2.1.tgz. Extracting by manifest.
2275 silly tarball no local data for graceful-fs@https://registry.npmjs.org/graceful-fs/-/graceful-fs-4.2.11.tgz. Extracting by manifest.
2276 silly tarball no local data for fs-extra@https://registry.npmjs.org/fs-extra/-/fs-extra-11.3.6.tgz. Extracting by manifest.
2277 silly tarball no local data for @types/sarif@https://registry.npmjs.org/@types/sarif/-/sarif-2.1.7.tgz. Extracting by manifest.
2278 silly tarball no local data for brace-expansion@https://registry.npmjs.org/brace-expansion/-/brace-expansion-5.0.7.tgz. Extracting by manifest.
2279 silly tarball no local data for balanced-match@https://registry.npmjs.org/balanced-match/-/balanced-match-4.0.4.tgz. Extracting by manifest.
2280 silly tarball no local data for mime-db@https://registry.npmjs.org/mime-db/-/mime-db-1.52.0.tgz. Extracting by manifest.
2281 silly tarball no local data for mdurl@https://registry.npmjs.org/mdurl/-/mdurl-2.0.0.tgz. Extracting by manifest.
2282 silly tarball no local data for punycode.js@https://registry.npmjs.org/punycode.js/-/punycode.js-2.3.1.tgz. Extracting by manifest.
2283 silly tarball no local data for linkify-it@https://registry.npmjs.org/linkify-it/-/linkify-it-5.0.2.tgz. Extracting by manifest.
2284 silly tarball no local data for uc.micro@https://registry.npmjs.org/uc.micro/-/uc.micro-2.1.0.tgz. Extracting by manifest.
2285 silly tarball no local data for yallist@https://registry.npmjs.org/yallist/-/yallist-4.0.0.tgz. Extracting by manifest.
2286 silly tarball no local data for prebuild-install@https://registry.npmjs.org/prebuild-install/-/prebuild-install-7.1.3.tgz. Extracting by manifest.
2287 silly tarball no local data for ecdsa-sig-formatter@https://registry.npmjs.org/ecdsa-sig-formatter/-/ecdsa-sig-formatter-1.0.11.tgz. Extracting by manifest.
2288 silly tarball no local data for node-addon-api@https://registry.npmjs.org/node-addon-api/-/node-addon-api-4.3.0.tgz. Extracting by manifest.
2289 silly tarball no local data for buffer-equal-constant-time@https://registry.npmjs.org/buffer-equal-constant-time/-/buffer-equal-constant-time-1.0.1.tgz. Extracting by manifest.
2290 silly tarball no local data for safe-buffer@https://registry.npmjs.org/safe-buffer/-/safe-buffer-5.2.1.tgz. Extracting by manifest.
2291 silly tarball no local data for lodash.isstring@https://registry.npmjs.org/lodash.isstring/-/lodash.isstring-4.0.1.tgz. Extracting by manifest.
2292 silly tarball no local data for lodash.once@https://registry.npmjs.org/lodash.once/-/lodash.once-4.1.1.tgz. Extracting by manifest.
2293 silly tarball no local data for jwa@https://registry.npmjs.org/jwa/-/jwa-2.0.1.tgz. Extracting by manifest.
2294 silly tarball no local data for lodash.isplainobject@https://registry.npmjs.org/lodash.isplainobject/-/lodash.isplainobject-4.0.6.tgz. Extracting by manifest.
2295 silly tarball no local data for lodash.isinteger@https://registry.npmjs.org/lodash.isinteger/-/lodash.isinteger-4.0.4.tgz. Extracting by manifest.
2296 silly tarball no local data for lodash.isnumber@https://registry.npmjs.org/lodash.isnumber/-/lodash.isnumber-3.0.3.tgz. Extracting by manifest.
2297 silly tarball no local data for lodash.includes@https://registry.npmjs.org/lodash.includes/-/lodash.includes-4.3.0.tgz. Extracting by manifest.
2298 silly tarball no local data for jws@https://registry.npmjs.org/jws/-/jws-4.0.1.tgz. Extracting by manifest.
2299 silly tarball no local data for lodash.isboolean@https://registry.npmjs.org/lodash.isboolean/-/lodash.isboolean-3.0.3.tgz. Extracting by manifest.
2300 silly tarball no local data for argparse@https://registry.npmjs.org/argparse/-/argparse-2.0.1.tgz. Extracting by manifest.
2301 silly tarball no local data for version-range@https://registry.npmjs.org/version-range/-/version-range-4.15.0.tgz. Extracting by manifest.
2302 silly tarball no local data for textextensions@https://registry.npmjs.org/textextensions/-/textextensions-6.11.0.tgz. Extracting by manifest.
2303 silly tarball no local data for binaryextensions@https://registry.npmjs.org/binaryextensions/-/binaryextensions-6.11.0.tgz. Extracting by manifest.
2304 silly tarball no local data for agent-base@https://registry.npmjs.org/agent-base/-/agent-base-7.1.4.tgz. Extracting by manifest.
2305 silly tarball no local data for safer-buffer@https://registry.npmjs.org/safer-buffer/-/safer-buffer-2.1.2.tgz. Extracting by manifest.
2306 silly tarball no local data for path-scurry@https://registry.npmjs.org/path-scurry/-/path-scurry-2.0.2.tgz. Extracting by manifest.
2307 silly tarball no local data for editions@https://registry.npmjs.org/editions/-/editions-6.22.0.tgz. Extracting by manifest.
2308 silly tarball no local data for minipass@https://registry.npmjs.org/minipass/-/minipass-7.1.3.tgz. Extracting by manifest.
2309 silly tarball no local data for math-intrinsics@https://registry.npmjs.org/math-intrinsics/-/math-intrinsics-1.1.0.tgz. Extracting by manifest.
2310 silly tarball no local data for dunder-proto@https://registry.npmjs.org/dunder-proto/-/dunder-proto-1.0.1.tgz. Extracting by manifest.
2311 silly tarball no local data for lru-cache@https://registry.npmjs.org/lru-cache/-/lru-cache-6.0.0.tgz. Extracting by manifest.
2312 silly tarball no local data for has-symbols@https://registry.npmjs.org/has-symbols/-/has-symbols-1.1.0.tgz. Extracting by manifest.
2313 silly tarball no local data for gopd@https://registry.npmjs.org/gopd/-/gopd-1.2.0.tgz. Extracting by manifest.
2314 silly tarball no local data for get-proto@https://registry.npmjs.org/get-proto/-/get-proto-1.0.1.tgz. Extracting by manifest.
2315 silly tarball no local data for function-bind@https://registry.npmjs.org/function-bind/-/function-bind-1.1.2.tgz. Extracting by manifest.
2316 silly tarball no local data for es-object-atoms@https://registry.npmjs.org/es-object-atoms/-/es-object-atoms-1.1.2.tgz. Extracting by manifest.
2317 silly tarball no local data for es-define-property@https://registry.npmjs.org/es-define-property/-/es-define-property-1.0.1.tgz. Extracting by manifest.
2318 silly tarball no local data for call-bind-apply-helpers@https://registry.npmjs.org/call-bind-apply-helpers/-/call-bind-apply-helpers-1.0.2.tgz. Extracting by manifest.
2319 silly tarball no local data for get-intrinsic@https://registry.npmjs.org/get-intrinsic/-/get-intrinsic-1.3.0.tgz. Extracting by manifest.
2320 silly tarball no local data for es-errors@https://registry.npmjs.org/es-errors/-/es-errors-1.3.0.tgz. Extracting by manifest.
2321 silly tarball no local data for has-tostringtag@https://registry.npmjs.org/has-tostringtag/-/has-tostringtag-1.0.2.tgz. Extracting by manifest.
2322 silly tarball no local data for delayed-stream@https://registry.npmjs.org/delayed-stream/-/delayed-stream-1.0.0.tgz. Extracting by manifest.
2323 silly tarball no local data for mime-types@https://registry.npmjs.org/mime-types/-/mime-types-2.1.35.tgz. Extracting by manifest.
2324 silly tarball no local data for es-set-tostringtag@https://registry.npmjs.org/es-set-tostringtag/-/es-set-tostringtag-2.1.0.tgz. Extracting by manifest.
2325 silly tarball no local data for combined-stream@https://registry.npmjs.org/combined-stream/-/combined-stream-1.0.8.tgz. Extracting by manifest.
2326 silly tarball no local data for hasown@https://registry.npmjs.org/hasown/-/hasown-2.0.4.tgz. Extracting by manifest.
2327 silly tarball no local data for asynckit@https://registry.npmjs.org/asynckit/-/asynckit-0.4.0.tgz. Extracting by manifest.
2328 silly tarball no local data for @esbuild/linux-x64@https://registry.npmjs.org/@esbuild/linux-x64/-/linux-x64-0.28.1.tgz. Extracting by manifest.
2329 silly tarball no local data for whatwg-encoding@https://registry.npmjs.org/whatwg-encoding/-/whatwg-encoding-3.1.1.tgz. Extracting by manifest.
2330 silly tarball no local data for iconv-lite@https://registry.npmjs.org/iconv-lite/-/iconv-lite-0.6.3.tgz. Extracting by manifest.
2331 silly tarball no local data for ms@https://registry.npmjs.org/ms/-/ms-2.1.3.tgz. Extracting by manifest.
2332 silly tarball no local data for color-name@https://registry.npmjs.org/color-name/-/color-name-1.1.4.tgz. Extracting by manifest.
2333 silly tarball no local data for nth-check@https://registry.npmjs.org/nth-check/-/nth-check-2.1.1.tgz. Extracting by manifest.
2334 silly tarball no local data for domelementtype@https://registry.npmjs.org/domelementtype/-/domelementtype-2.3.0.tgz. Extracting by manifest.
2335 silly tarball no local data for entities@https://registry.npmjs.org/entities/-/entities-4.5.0.tgz. Extracting by manifest.
2336 silly tarball no local data for css-what@https://registry.npmjs.org/css-what/-/css-what-6.2.2.tgz. Extracting by manifest.
2337 silly tarball no local data for boolbase@https://registry.npmjs.org/boolbase/-/boolbase-1.0.0.tgz. Extracting by manifest.
2338 silly tarball no local data for css-select@https://registry.npmjs.org/css-select/-/css-select-5.2.2.tgz. Extracting by manifest.
2339 silly tarball no local data for whatwg-mimetype@https://registry.npmjs.org/whatwg-mimetype/-/whatwg-mimetype-4.0.0.tgz. Extracting by manifest.
2340 silly tarball no local data for undici@https://registry.npmjs.org/undici/-/undici-7.28.0.tgz. Extracting by manifest.
2341 silly tarball no local data for parse5-parser-stream@https://registry.npmjs.org/parse5-parser-stream/-/parse5-parser-stream-7.1.2.tgz. Extracting by manifest.
2342 silly tarball no local data for parse5-htmlparser2-tree-adapter@https://registry.npmjs.org/parse5-htmlparser2-tree-adapter/-/parse5-htmlparser2-tree-adapter-7.1.0.tgz. Extracting by manifest.
2343 silly tarball no local data for parse5@https://registry.npmjs.org/parse5/-/parse5-7.3.0.tgz. Extracting by manifest.
2344 silly tarball no local data for htmlparser2@https://registry.npmjs.org/htmlparser2/-/htmlparser2-10.1.0.tgz. Extracting by manifest.
2345 silly tarball no local data for encoding-sniffer@https://registry.npmjs.org/encoding-sniffer/-/encoding-sniffer-0.2.1.tgz. Extracting by manifest.
2346 silly tarball no local data for domhandler@https://registry.npmjs.org/domhandler/-/domhandler-5.0.3.tgz. Extracting by manifest.
2347 silly tarball no local data for domutils@https://registry.npmjs.org/domutils/-/domutils-3.2.2.tgz. Extracting by manifest.
2348 silly tarball no local data for dom-serializer@https://registry.npmjs.org/dom-serializer/-/dom-serializer-2.0.0.tgz. Extracting by manifest.
2349 silly tarball no local data for cheerio-select@https://registry.npmjs.org/cheerio-select/-/cheerio-select-2.1.0.tgz. Extracting by manifest.
2350 silly tarball no local data for color-convert@https://registry.npmjs.org/color-convert/-/color-convert-2.0.1.tgz. Extracting by manifest.
2351 silly tarball no local data for supports-color@https://registry.npmjs.org/supports-color/-/supports-color-7.2.0.tgz. Extracting by manifest.
2352 silly tarball no local data for ansi-styles@https://registry.npmjs.org/ansi-styles/-/ansi-styles-4.3.0.tgz. Extracting by manifest.
2353 silly tarball no local data for tunnel@https://registry.npmjs.org/tunnel/-/tunnel-0.0.6.tgz. Extracting by manifest.
2354 silly tarball no local data for require-from-string@https://registry.npmjs.org/require-from-string/-/require-from-string-2.0.2.tgz. Extracting by manifest.
2355 silly tarball no local data for json-schema-traverse@https://registry.npmjs.org/json-schema-traverse/-/json-schema-traverse-1.0.0.tgz. Extracting by manifest.
2356 silly tarball no local data for fast-uri@https://registry.npmjs.org/fast-uri/-/fast-uri-3.1.3.tgz. Extracting by manifest.
2357 silly tarball no local data for fast-deep-equal@https://registry.npmjs.org/fast-deep-equal/-/fast-deep-equal-3.1.3.tgz. Extracting by manifest.
2358 silly tarball no local data for https-proxy-agent@https://registry.npmjs.org/https-proxy-agent/-/https-proxy-agent-7.0.6.tgz. Extracting by manifest.
2359 silly tarball no local data for @vscode/vsce-sign-linux-x64@https://registry.npmjs.org/@vscode/vsce-sign-linux-x64/-/vsce-sign-linux-x64-2.0.6.tgz. Extracting by manifest.
2360 silly tarball no local data for http-proxy-agent@https://registry.npmjs.org/http-proxy-agent/-/http-proxy-agent-7.0.2.tgz. Extracting by manifest.
2361 silly tarball no local data for @textlint/ast-node-types@https://registry.npmjs.org/@textlint/ast-node-types/-/ast-node-types-15.7.1.tgz. Extracting by manifest.
2362 silly tarball no local data for lodash@https://registry.npmjs.org/lodash/-/lodash-4.18.1.tgz. Extracting by manifest.
2363 silly tarball no local data for text-table@https://registry.npmjs.org/text-table/-/text-table-0.2.0.tgz. Extracting by manifest.
2364 silly tarball no local data for string-width@https://registry.npmjs.org/string-width/-/string-width-4.2.3.tgz. Extracting by manifest.
2365 silly tarball no local data for js-yaml@https://registry.npmjs.org/js-yaml/-/js-yaml-4.3.0.tgz. Extracting by manifest.
2366 silly tarball no local data for @textlint/resolver@https://registry.npmjs.org/@textlint/resolver/-/resolver-15.7.1.tgz. Extracting by manifest.
2367 silly tarball no local data for @azu/style-format@https://registry.npmjs.org/@azu/style-format/-/style-format-1.0.1.tgz. Extracting by manifest.
2368 silly tarball no local data for istextorbinary@https://registry.npmjs.org/istextorbinary/-/istextorbinary-9.5.0.tgz. Extracting by manifest.
2369 silly tarball no local data for @azu/format-text@https://registry.npmjs.org/@azu/format-text/-/format-text-1.0.2.tgz. Extracting by manifest.
2370 silly tarball no local data for node-sarif-builder@https://registry.npmjs.org/node-sarif-builder/-/node-sarif-builder-3.4.0.tgz. Extracting by manifest.
2371 silly tarball no local data for table@https://registry.npmjs.org/table/-/table-6.9.0.tgz. Extracting by manifest.
2372 silly tarball no local data for terminal-link@https://registry.npmjs.org/terminal-link/-/terminal-link-4.0.0.tgz. Extracting by manifest.
2373 silly tarball no local data for strip-ansi@https://registry.npmjs.org/strip-ansi/-/strip-ansi-7.2.0.tgz. Extracting by manifest.
2374 silly tarball no local data for pluralize@https://registry.npmjs.org/pluralize/-/pluralize-8.0.0.tgz. Extracting by manifest.
2375 silly tarball no local data for @textlint/types@https://registry.npmjs.org/@textlint/types/-/types-15.7.1.tgz. Extracting by manifest.
2376 silly tarball no local data for @textlint/linter-formatter@https://registry.npmjs.org/@textlint/linter-formatter/-/linter-formatter-15.7.1.tgz. Extracting by manifest.
2377 silly tarball no local data for @textlint/module-interop@https://registry.npmjs.org/@textlint/module-interop/-/module-interop-15.7.1.tgz. Extracting by manifest.
2378 silly tarball no local data for rc-config-loader@https://registry.npmjs.org/rc-config-loader/-/rc-config-loader-4.1.4.tgz. Extracting by manifest.
2379 silly tarball no local data for ajv@https://registry.npmjs.org/ajv/-/ajv-8.20.0.tgz. Extracting by manifest.
2380 silly tarball no local data for structured-source@https://registry.npmjs.org/structured-source/-/structured-source-4.0.0.tgz. Extracting by manifest.
2381 silly tarball no local data for @secretlint/resolver@https://registry.npmjs.org/@secretlint/resolver/-/resolver-10.2.2.tgz. Extracting by manifest.
2382 silly tarball no local data for p-map@https://registry.npmjs.org/p-map/-/p-map-7.0.5.tgz. Extracting by manifest.
2383 silly tarball no local data for debug@https://registry.npmjs.org/debug/-/debug-4.4.3.tgz. Extracting by manifest.
2384 silly tarball no local data for @secretlint/types@https://registry.npmjs.org/@secretlint/types/-/types-10.2.2.tgz. Extracting by manifest.
2385 silly tarball no local data for @secretlint/source-creator@https://registry.npmjs.org/@secretlint/source-creator/-/source-creator-10.2.2.tgz. Extracting by manifest.
2386 silly tarball no local data for @secretlint/profiler@https://registry.npmjs.org/@secretlint/profiler/-/profiler-10.2.2.tgz. Extracting by manifest.
2387 silly tarball no local data for @secretlint/formatter@https://registry.npmjs.org/@secretlint/formatter/-/formatter-10.2.2.tgz. Extracting by manifest.
2388 silly tarball no local data for @secretlint/core@https://registry.npmjs.org/@secretlint/core/-/core-10.2.2.tgz. Extracting by manifest.
2389 silly tarball no local data for @secretlint/config-loader@https://registry.npmjs.org/@secretlint/config-loader/-/config-loader-10.2.2.tgz. Extracting by manifest.
2390 silly tarball no local data for jsonwebtoken@https://registry.npmjs.org/jsonwebtoken/-/jsonwebtoken-9.0.3.tgz. Extracting by manifest.
2391 silly tarball no local data for @azure/msal-common@https://registry.npmjs.org/@azure/msal-common/-/msal-common-16.11.0.tgz. Extracting by manifest.
2392 silly tarball no local data for @typespec/ts-http-runtime@https://registry.npmjs.org/@typespec/ts-http-runtime/-/ts-http-runtime-0.3.6.tgz. Extracting by manifest.
2393 silly tarball no local data for tslib@https://registry.npmjs.org/tslib/-/tslib-2.8.1.tgz. Extracting by manifest.
2394 silly tarball no local data for open@https://registry.npmjs.org/open/-/open-10.2.0.tgz. Extracting by manifest.
2395 silly tarball no local data for @azure/msal-node@https://registry.npmjs.org/@azure/msal-node/-/msal-node-5.3.1.tgz. Extracting by manifest.
2396 silly tarball no local data for @azure/msal-browser@https://registry.npmjs.org/@azure/msal-browser/-/msal-browser-5.16.0.tgz. Extracting by manifest.
2397 silly tarball no local data for @azure/core-util@https://registry.npmjs.org/@azure/core-util/-/core-util-1.13.1.tgz. Extracting by manifest.
2398 silly tarball no local data for @azure/logger@https://registry.npmjs.org/@azure/logger/-/logger-1.3.0.tgz. Extracting by manifest.
2399 silly tarball no local data for @azure/core-tracing@https://registry.npmjs.org/@azure/core-tracing/-/core-tracing-1.3.1.tgz. Extracting by manifest.
2400 silly tarball no local data for @azure/core-rest-pipeline@https://registry.npmjs.org/@azure/core-rest-pipeline/-/core-rest-pipeline-1.24.0.tgz. Extracting by manifest.
2401 silly tarball no local data for @azure/core-client@https://registry.npmjs.org/@azure/core-client/-/core-client-1.10.2.tgz. Extracting by manifest.
2402 silly tarball no local data for @azure/core-auth@https://registry.npmjs.org/@azure/core-auth/-/core-auth-1.10.1.tgz. Extracting by manifest.
2403 silly tarball no local data for @azure/abort-controller@https://registry.npmjs.org/@azure/abort-controller/-/abort-controller-2.1.2.tgz. Extracting by manifest.
2404 silly tarball no local data for yazl@https://registry.npmjs.org/yazl/-/yazl-2.5.1.tgz. Extracting by manifest.
2405 silly tarball no local data for yauzl@https://registry.npmjs.org/yauzl/-/yauzl-3.4.0.tgz. Extracting by manifest.
2406 silly tarball no local data for xml2js@https://registry.npmjs.org/xml2js/-/xml2js-0.5.0.tgz. Extracting by manifest.
2407 silly tarball no local data for url-join@https://registry.npmjs.org/url-join/-/url-join-4.0.1.tgz. Extracting by manifest.
2408 silly tarball no local data for typed-rest-client@https://registry.npmjs.org/typed-rest-client/-/typed-rest-client-1.8.11.tgz. Extracting by manifest.
2409 silly tarball no local data for tmp@https://registry.npmjs.org/tmp/-/tmp-0.2.7.tgz. Extracting by manifest.
2410 silly tarball no local data for semver@https://registry.npmjs.org/semver/-/semver-7.8.5.tgz. Extracting by manifest.
2411 silly tarball no local data for secretlint@https://registry.npmjs.org/secretlint/-/secretlint-10.2.2.tgz. Extracting by manifest.
2412 silly tarball no local data for read@https://registry.npmjs.org/read/-/read-1.0.7.tgz. Extracting by manifest.
2413 silly tarball no local data for minimatch@https://registry.npmjs.org/minimatch/-/minimatch-10.2.5.tgz. Extracting by manifest.
2414 silly tarball no local data for mime@https://registry.npmjs.org/mime/-/mime-1.6.0.tgz. Extracting by manifest.
2415 silly tarball no local data for parse-semver@https://registry.npmjs.org/parse-semver/-/parse-semver-1.1.1.tgz. Extracting by manifest.
2416 silly tarball no local data for markdown-it@https://registry.npmjs.org/markdown-it/-/markdown-it-14.3.0.tgz. Extracting by manifest.
2417 silly tarball no local data for jsonc-parser@https://registry.npmjs.org/jsonc-parser/-/jsonc-parser-3.3.1.tgz. Extracting by manifest.
2418 silly tarball no local data for keytar@https://registry.npmjs.org/keytar/-/keytar-7.9.0.tgz. Extracting by manifest.
2419 silly tarball no local data for hosted-git-info@https://registry.npmjs.org/hosted-git-info/-/hosted-git-info-4.1.0.tgz. Extracting by manifest.
2420 silly tarball no local data for leven@https://registry.npmjs.org/leven/-/leven-3.1.0.tgz. Extracting by manifest.
2421 silly tarball no local data for glob@https://registry.npmjs.org/glob/-/glob-13.0.6.tgz. Extracting by manifest.
2422 silly tarball no local data for form-data@https://registry.npmjs.org/form-data/-/form-data-4.0.6.tgz. Extracting by manifest.
2423 silly tarball no local data for cockatiel@https://registry.npmjs.org/cockatiel/-/cockatiel-3.2.1.tgz. Extracting by manifest.
2424 silly tarball no local data for commander@https://registry.npmjs.org/commander/-/commander-12.1.0.tgz. Extracting by manifest.
2425 silly tarball no local data for chalk@https://registry.npmjs.org/chalk/-/chalk-4.1.2.tgz. Extracting by manifest.
2426 silly tarball no local data for azure-devops-node-api@https://registry.npmjs.org/azure-devops-node-api/-/azure-devops-node-api-12.5.0.tgz. Extracting by manifest.
2427 silly tarball no local data for @vscode/vsce-sign@https://registry.npmjs.org/@vscode/vsce-sign/-/vsce-sign-2.0.9.tgz. Extracting by manifest.
2428 silly tarball no local data for cheerio@https://registry.npmjs.org/cheerio/-/cheerio-1.2.0.tgz. Extracting by manifest.
2429 silly tarball no local data for @secretlint/secretlint-rule-preset-recommend@https://registry.npmjs.org/@secretlint/secretlint-rule-preset-recommend/-/secretlint-rule-preset-recommend-10.2.2.tgz. Extracting by manifest.
2430 silly tarball no local data for @secretlint/secretlint-rule-no-dotenv@https://registry.npmjs.org/@secretlint/secretlint-rule-no-dotenv/-/secretlint-rule-no-dotenv-10.2.2.tgz. Extracting by manifest.
2431 silly tarball no local data for @secretlint/secretlint-formatter-sarif@https://registry.npmjs.org/@secretlint/secretlint-formatter-sarif/-/secretlint-formatter-sarif-10.2.2.tgz. Extracting by manifest.
2432 silly tarball no local data for @secretlint/node@https://registry.npmjs.org/@secretlint/node/-/node-10.2.2.tgz. Extracting by manifest.
2433 silly tarball no local data for @azure/identity@https://registry.npmjs.org/@azure/identity/-/identity-4.13.1.tgz. Extracting by manifest.
2434 silly tarball no local data for w3c-keyname@https://registry.npmjs.org/w3c-keyname/-/w3c-keyname-2.2.8.tgz. Extracting by manifest.
2435 silly tarball no local data for crelt@https://registry.npmjs.org/crelt/-/crelt-1.0.7.tgz. Extracting by manifest.
2436 silly tarball no local data for @marijn/find-cluster-break@https://registry.npmjs.org/@marijn/find-cluster-break/-/find-cluster-break-1.0.3.tgz. Extracting by manifest.
2437 silly tarball no local data for @lezer/lr@https://registry.npmjs.org/@lezer/lr/-/lr-1.4.10.tgz. Extracting by manifest.
2438 silly tarball no local data for style-mod@https://registry.npmjs.org/style-mod/-/style-mod-4.1.3.tgz. Extracting by manifest.
2439 silly tarball no local data for esbuild@https://registry.npmjs.org/esbuild/-/esbuild-0.28.1.tgz. Extracting by manifest.
2440 silly tarball no local data for @vscode/vsce@https://registry.npmjs.org/@vscode/vsce/-/vsce-3.9.2.tgz. Extracting by manifest.
2441 silly tarball no local data for @types/vscode@https://registry.npmjs.org/@types/vscode/-/vscode-1.125.0.tgz. Extracting by manifest.
2442 silly tarball no local data for @lezer/highlight@https://registry.npmjs.org/@lezer/highlight/-/highlight-1.2.3.tgz. Extracting by manifest.
2443 silly tarball no local data for @lezer/common@https://registry.npmjs.org/@lezer/common/-/common-1.5.2.tgz. Extracting by manifest.
2444 silly tarball no local data for @codemirror/view@https://registry.npmjs.org/@codemirror/view/-/view-6.43.4.tgz. Extracting by manifest.
2445 silly tarball no local data for @lezer/markdown@https://registry.npmjs.org/@lezer/markdown/-/markdown-1.6.4.tgz. Extracting by manifest.
2446 silly tarball no local data for @codemirror/state@https://registry.npmjs.org/@codemirror/state/-/state-6.7.0.tgz. Extracting by manifest.
2447 silly tarball no local data for @codemirror/language@https://registry.npmjs.org/@codemirror/language/-/language-6.12.4.tgz. Extracting by manifest.
2448 silly tarball no local data for @codemirror/search@https://registry.npmjs.org/@codemirror/search/-/search-6.7.1.tgz. Extracting by manifest.
2449 silly tarball no local data for @codemirror/commands@https://registry.npmjs.org/@codemirror/commands/-/commands-6.10.4.tgz. Extracting by manifest.
2450 silly tarball no local data for lru-cache@https://registry.npmjs.org/lru-cache/-/lru-cache-10.4.3.tgz. Extracting by manifest.
2451 silly tarball no local data for hosted-git-info@https://registry.npmjs.org/hosted-git-info/-/hosted-git-info-7.0.2.tgz. Extracting by manifest.
2452 silly tarball no local data for unicorn-magic@https://registry.npmjs.org/unicorn-magic/-/unicorn-magic-0.1.0.tgz. Extracting by manifest.
2453 silly tarball no local data for lru-cache@https://registry.npmjs.org/lru-cache/-/lru-cache-11.5.1.tgz. Extracting by manifest.
2454 silly tarball no local data for entities@https://registry.npmjs.org/entities/-/entities-6.0.1.tgz. Extracting by manifest.
2455 silly tarball no local data for strip-ansi@https://registry.npmjs.org/strip-ansi/-/strip-ansi-6.0.1.tgz. Extracting by manifest.
2456 silly tarball no local data for ansi-regex@https://registry.npmjs.org/ansi-regex/-/ansi-regex-5.0.1.tgz. Extracting by manifest.
2457 silly tarball no local data for entities@https://registry.npmjs.org/entities/-/entities-7.0.1.tgz. Extracting by manifest.
2458 silly tarball no local data for ansi-regex@https://registry.npmjs.org/ansi-regex/-/ansi-regex-5.0.1.tgz. Extracting by manifest.
2459 silly tarball no local data for ansi-regex@https://registry.npmjs.org/ansi-regex/-/ansi-regex-5.0.1.tgz. Extracting by manifest.
2460 silly tarball no local data for strip-ansi@https://registry.npmjs.org/strip-ansi/-/strip-ansi-6.0.1.tgz. Extracting by manifest.
2461 silly tarball no local data for pluralize@https://registry.npmjs.org/pluralize/-/pluralize-2.0.0.tgz. Extracting by manifest.
2462 silly tarball no local data for semver@https://registry.npmjs.org/semver/-/semver-5.7.2.tgz. Extracting by manifest.
2463 silly tarball no local data for strip-ansi@https://registry.npmjs.org/strip-ansi/-/strip-ansi-6.0.1.tgz. Extracting by manifest.
2464 silly tarball no local data for chalk@https://registry.npmjs.org/chalk/-/chalk-5.6.2.tgz. Extracting by manifest.
2465 http fetch GET 200 https://registry.npmjs.org/is-wsl/-/is-wsl-3.1.1.tgz 195ms (cache miss)
2466 http fetch GET 200 https://registry.npmjs.org/call-bound/-/call-bound-1.0.4.tgz 195ms (cache miss)
2467 http fetch GET 200 https://registry.npmjs.org/pend/-/pend-1.2.0.tgz 198ms (cache miss)
2468 http fetch GET 200 https://registry.npmjs.org/sax/-/sax-1.6.0.tgz 198ms (cache miss)
2469 http fetch GET 200 https://registry.npmjs.org/spdx-correct/-/spdx-correct-3.2.0.tgz 197ms (cache miss)
2470 http fetch GET 200 https://registry.npmjs.org/spdx-exceptions/-/spdx-exceptions-2.5.0.tgz 198ms (cache miss)
2471 http fetch GET 200 https://registry.npmjs.org/side-channel-map/-/side-channel-map-1.0.1.tgz 197ms (cache miss)
2472 http fetch GET 200 https://registry.npmjs.org/buffer-crc32/-/buffer-crc32-0.2.13.tgz 203ms (cache miss)
2473 http fetch GET 200 https://registry.npmjs.org/spdx-expression-parse/-/spdx-expression-parse-3.0.1.tgz 203ms (cache miss)
2474 http fetch GET 200 https://registry.npmjs.org/spdx-license-ids/-/spdx-license-ids-3.0.23.tgz 210ms (cache miss)
2475 http fetch POST 200 https://registry.npmjs.org/-/npm/v1/security/advisories/bulk 304ms
2476 silly audit report {}
2477 http fetch GET 200 https://registry.npmjs.org/side-channel-list/-/side-channel-list-1.0.1.tgz 269ms (cache miss)
2478 http fetch GET 200 https://registry.npmjs.org/environment/-/environment-1.1.0.tgz 269ms (cache miss)
2479 http fetch GET 200 https://registry.npmjs.org/supports-hyperlinks/-/supports-hyperlinks-3.2.0.tgz 307ms (cache miss)
2480 http fetch GET 200 https://registry.npmjs.org/is-number/-/is-number-7.0.0.tgz 309ms (cache miss)
2481 http fetch GET 200 https://registry.npmjs.org/ansi-escapes/-/ansi-escapes-7.3.0.tgz 311ms (cache miss)
2482 http fetch GET 200 https://registry.npmjs.org/util-deprecate/-/util-deprecate-1.0.2.tgz 319ms (cache miss)
2483 http fetch GET 200 https://registry.npmjs.org/ieee754/-/ieee754-1.2.1.tgz 319ms (cache miss)
2484 http fetch GET 200 https://registry.npmjs.org/base64-js/-/base64-js-1.5.1.tgz 319ms (cache miss)
2485 http fetch GET 200 https://registry.npmjs.org/buffer/-/buffer-5.7.1.tgz 321ms (cache miss)
2486 http fetch GET 200 https://registry.npmjs.org/string_decoder/-/string_decoder-1.3.0.tgz 321ms (cache miss)
2487 http fetch GET 200 https://registry.npmjs.org/bl/-/bl-4.1.0.tgz 325ms (cache miss)
2488 http fetch GET 200 https://registry.npmjs.org/fs-constants/-/fs-constants-1.0.0.tgz 326ms (cache miss)
2489 http fetch GET 200 https://registry.npmjs.org/tar-stream/-/tar-stream-2.2.0.tgz 326ms (cache miss)
2490 http fetch GET 200 https://registry.npmjs.org/chownr/-/chownr-1.1.4.tgz 326ms (cache miss)
2491 http fetch GET 200 https://registry.npmjs.org/has-flag/-/has-flag-4.0.0.tgz 328ms (cache miss)
2492 http fetch GET 200 https://registry.npmjs.org/ansi-regex/-/ansi-regex-6.2.2.tgz 329ms (cache miss)
2493 http fetch GET 200 https://registry.npmjs.org/emoji-regex/-/emoji-regex-8.0.0.tgz 328ms (cache miss)
2494 http fetch GET 200 https://registry.npmjs.org/is-fullwidth-code-point/-/is-fullwidth-code-point-3.0.0.tgz 330ms (cache miss)
2495 http fetch GET 200 https://registry.npmjs.org/boundary/-/boundary-2.0.0.tgz 330ms (cache miss)
2496 http fetch GET 200 https://registry.npmjs.org/queue-microtask/-/queue-microtask-1.2.3.tgz 329ms (cache miss)
2497 http fetch GET 200 https://registry.npmjs.org/simple-concat/-/simple-concat-1.0.1.tgz 330ms (cache miss)
2498 http fetch GET 200 https://registry.npmjs.org/inherits/-/inherits-2.0.4.tgz 334ms (cache miss)
2499 http fetch GET 200 https://registry.npmjs.org/astral-regex/-/astral-regex-2.0.0.tgz 334ms (cache miss)
2500 http fetch GET 200 https://registry.npmjs.org/mimic-response/-/mimic-response-3.1.0.tgz 333ms (cache miss)
2501 http fetch GET 200 https://registry.npmjs.org/lodash.truncate/-/lodash.truncate-4.4.2.tgz 336ms (cache miss)
2502 http fetch GET 200 https://registry.npmjs.org/js-tokens/-/js-tokens-4.0.0.tgz 339ms (cache miss)
2503 http fetch GET 200 https://registry.npmjs.org/slice-ansi/-/slice-ansi-4.0.0.tgz 342ms (cache miss)
2504 http fetch GET 200 https://registry.npmjs.org/side-channel-weakmap/-/side-channel-weakmap-1.0.2.tgz 364ms (cache miss)
2505 http fetch GET 200 https://registry.npmjs.org/decompress-response/-/decompress-response-6.0.0.tgz 381ms (cache miss)
2506 http fetch GET 200 https://registry.npmjs.org/side-channel/-/side-channel-1.1.1.tgz 407ms (cache miss)
2507 http fetch GET 200 https://registry.npmjs.org/picocolors/-/picocolors-1.1.1.tgz 402ms (cache miss)
2508 http fetch GET 200 https://registry.npmjs.org/index-to-position/-/index-to-position-1.2.0.tgz 399ms (cache miss)
2509 http fetch GET 200 https://registry.npmjs.org/parse-json/-/parse-json-8.3.0.tgz 402ms (cache miss)
2510 http fetch GET 200 https://registry.npmjs.org/validate-npm-package-license/-/validate-npm-package-license-3.0.4.tgz 405ms (cache miss)
2511 http fetch GET 200 https://registry.npmjs.org/normalize-package-data/-/normalize-package-data-6.0.2.tgz 402ms (cache miss)
2512 http fetch GET 200 https://registry.npmjs.org/to-regex-range/-/to-regex-range-5.0.1.tgz 401ms (cache miss)
2513 http fetch GET 200 https://registry.npmjs.org/fill-range/-/fill-range-7.1.1.tgz 402ms (cache miss)
2514 http fetch GET 200 https://registry.npmjs.org/is-extglob/-/is-extglob-2.1.1.tgz 400ms (cache miss)
2515 http fetch GET 200 https://registry.npmjs.org/is-glob/-/is-glob-4.0.3.tgz 399ms (cache miss)
2516 http fetch GET 200 https://registry.npmjs.org/run-parallel/-/run-parallel-1.2.0.tgz 401ms (cache miss)
2517 http fetch GET 200 https://registry.npmjs.org/reusify/-/reusify-1.1.0.tgz 402ms (cache miss)
2518 http fetch GET 200 https://registry.npmjs.org/@babel/code-frame/-/code-frame-7.29.7.tgz 413ms (cache miss)
2519 http fetch GET 200 https://registry.npmjs.org/@types/normalize-package-data/-/normalize-package-data-2.4.4.tgz 406ms (cache miss)
2520 http fetch GET 200 https://registry.npmjs.org/fastq/-/fastq-1.20.1.tgz 404ms (cache miss)
2521 http fetch GET 200 https://registry.npmjs.org/braces/-/braces-3.0.3.tgz 414ms (cache miss)
2522 http fetch GET 200 https://registry.npmjs.org/micromatch/-/micromatch-4.0.8.tgz 413ms (cache miss)
2523 http fetch GET 200 https://registry.npmjs.org/picomatch/-/picomatch-2.3.2.tgz 423ms (cache miss)
2524 http fetch GET 200 https://registry.npmjs.org/merge2/-/merge2-1.4.1.tgz 417ms (cache miss)
2525 http fetch GET 200 https://registry.npmjs.org/@babel/helper-validator-identifier/-/helper-validator-identifier-7.29.7.tgz 435ms (cache miss)
2526 http fetch GET 200 https://registry.npmjs.org/object-inspect/-/object-inspect-1.13.4.tgz 446ms (cache miss)
2527 http fetch GET 200 https://registry.npmjs.org/glob-parent/-/glob-parent-5.1.2.tgz 424ms (cache miss)
2528 http fetch GET 200 https://registry.npmjs.org/@nodelib/fs.scandir/-/fs.scandir-2.1.5.tgz 425ms (cache miss)
2529 http fetch GET 200 https://registry.npmjs.org/qs/-/qs-6.15.3.tgz 445ms (cache miss)
2530 http fetch GET 200 https://registry.npmjs.org/path-type/-/path-type-6.0.0.tgz 423ms (cache miss)
2531 http fetch GET 200 https://registry.npmjs.org/slash/-/slash-5.1.0.tgz 424ms (cache miss)
2532 http fetch GET 200 https://registry.npmjs.org/ignore/-/ignore-7.0.5.tgz 424ms (cache miss)
2533 http fetch GET 200 https://registry.npmjs.org/unicorn-magic/-/unicorn-magic-0.3.0.tgz 425ms (cache miss)
2534 http fetch GET 200 https://registry.npmjs.org/read-pkg/-/read-pkg-9.0.1.tgz 424ms (cache miss)
2535 http fetch GET 200 https://registry.npmjs.org/@nodelib/fs.stat/-/fs.stat-2.0.5.tgz 427ms (cache miss)
2536 http fetch GET 200 https://registry.npmjs.org/mute-stream/-/mute-stream-0.0.8.tgz 430ms (cache miss)
2537 http fetch GET 200 https://registry.npmjs.org/readable-stream/-/readable-stream-3.6.2.tgz 453ms (cache miss)
2538 http fetch GET 200 https://registry.npmjs.org/xmlbuilder/-/xmlbuilder-11.0.1.tgz 461ms (cache miss)
2539 http fetch GET 200 https://registry.npmjs.org/ini/-/ini-1.3.8.tgz 444ms (cache miss)
2540 http fetch GET 200 https://registry.npmjs.org/globby/-/globby-14.1.0.tgz 450ms (cache miss)
2541 http fetch GET 200 https://registry.npmjs.org/once/-/once-1.4.0.tgz 452ms (cache miss)
2542 http fetch GET 200 https://registry.npmjs.org/strip-json-comments/-/strip-json-comments-2.0.1.tgz 454ms (cache miss)
2543 http fetch GET 200 https://registry.npmjs.org/@sindresorhus/merge-streams/-/merge-streams-2.3.0.tgz 459ms (cache miss)
2544 http fetch GET 200 https://registry.npmjs.org/tunnel-agent/-/tunnel-agent-0.6.0.tgz 452ms (cache miss)
2545 http fetch GET 200 https://registry.npmjs.org/simple-get/-/simple-get-4.0.1.tgz 452ms (cache miss)
2546 http fetch GET 200 https://registry.npmjs.org/deep-extend/-/deep-extend-0.6.0.tgz 456ms (cache miss)
2547 http fetch GET 200 https://registry.npmjs.org/@nodelib/fs.walk/-/fs.walk-1.2.8.tgz 463ms (cache miss)
2548 http fetch GET 200 https://registry.npmjs.org/json5/-/json5-2.2.3.tgz 468ms (cache miss)
2549 http fetch GET 200 https://registry.npmjs.org/wrappy/-/wrappy-1.0.2.tgz 466ms (cache miss)
2550 http fetch GET 200 https://registry.npmjs.org/pump/-/pump-3.0.4.tgz 464ms (cache miss)
2551 http fetch GET 200 https://registry.npmjs.org/end-of-stream/-/end-of-stream-1.4.5.tgz 468ms (cache miss)
2552 http fetch GET 200 https://registry.npmjs.org/node-abi/-/node-abi-3.94.0.tgz 466ms (cache miss)
2553 http fetch GET 200 https://registry.npmjs.org/tar-fs/-/tar-fs-2.1.5.tgz 473ms (cache miss)
2554 http fetch GET 200 https://registry.npmjs.org/rc/-/rc-1.2.8.tgz 470ms (cache miss)
2555 http fetch GET 200 https://registry.npmjs.org/github-from-package/-/github-from-package-0.0.0.tgz 482ms (cache miss)
2556 http fetch GET 200 https://registry.npmjs.org/detect-libc/-/detect-libc-2.1.2.tgz 483ms (cache miss)
2557 http fetch GET 200 https://registry.npmjs.org/is-docker/-/is-docker-3.0.0.tgz 483ms (cache miss)
2558 http fetch GET 200 https://registry.npmjs.org/fast-glob/-/fast-glob-3.3.3.tgz 499ms (cache miss)
2559 http fetch GET 200 https://registry.npmjs.org/mkdirp-classic/-/mkdirp-classic-0.5.3.tgz 490ms (cache miss)
2560 http fetch GET 200 https://registry.npmjs.org/run-applescript/-/run-applescript-7.1.0.tgz 493ms (cache miss)
2561 http fetch GET 200 https://registry.npmjs.org/default-browser-id/-/default-browser-id-5.0.1.tgz 494ms (cache miss)
2562 http fetch GET 200 https://registry.npmjs.org/expand-template/-/expand-template-2.0.3.tgz 498ms (cache miss)
2563 http fetch GET 200 https://registry.npmjs.org/napi-build-utils/-/napi-build-utils-2.0.0.tgz 499ms (cache miss)
2564 http fetch GET 200 https://registry.npmjs.org/minimist/-/minimist-1.2.8.tgz 499ms (cache miss)
2565 http fetch GET 200 https://registry.npmjs.org/universalify/-/universalify-2.0.1.tgz 503ms (cache miss)
2566 http fetch GET 200 https://registry.npmjs.org/define-lazy-prop/-/define-lazy-prop-3.0.0.tgz 503ms (cache miss)
2567 http fetch GET 200 https://registry.npmjs.org/is-inside-container/-/is-inside-container-1.0.0.tgz 508ms (cache miss)
2568 http fetch GET 200 https://registry.npmjs.org/bundle-name/-/bundle-name-4.1.0.tgz 509ms (cache miss)
2569 http fetch GET 200 https://registry.npmjs.org/wsl-utils/-/wsl-utils-0.1.0.tgz 515ms (cache miss)
2570 http fetch GET 200 https://registry.npmjs.org/default-browser/-/default-browser-5.5.0.tgz 515ms (cache miss)
2571 http fetch GET 200 https://registry.npmjs.org/jsonfile/-/jsonfile-6.2.1.tgz 515ms (cache miss)
2572 http fetch GET 200 https://registry.npmjs.org/graceful-fs/-/graceful-fs-4.2.11.tgz 515ms (cache miss)
2573 http fetch GET 200 https://registry.npmjs.org/type-fest/-/type-fest-4.41.0.tgz 547ms (cache miss)
2574 http fetch GET 200 https://registry.npmjs.org/brace-expansion/-/brace-expansion-5.0.7.tgz 533ms (cache miss)
2575 http fetch GET 200 https://registry.npmjs.org/balanced-match/-/balanced-match-4.0.4.tgz 537ms (cache miss)
2576 http fetch GET 200 https://registry.npmjs.org/mdurl/-/mdurl-2.0.0.tgz 540ms (cache miss)
2577 http fetch GET 200 https://registry.npmjs.org/linkify-it/-/linkify-it-5.0.2.tgz 541ms (cache miss)
2578 http fetch GET 200 https://registry.npmjs.org/punycode.js/-/punycode.js-2.3.1.tgz 558ms (cache miss)
2579 http fetch GET 200 https://registry.npmjs.org/fs-extra/-/fs-extra-11.3.6.tgz 560ms (cache miss)
2580 http fetch GET 200 https://registry.npmjs.org/buffer-equal-constant-time/-/buffer-equal-constant-time-1.0.1.tgz 555ms (cache miss)
2581 http fetch GET 200 https://registry.npmjs.org/uc.micro/-/uc.micro-2.1.0.tgz 560ms (cache miss)
2582 http fetch GET 200 https://registry.npmjs.org/ecdsa-sig-formatter/-/ecdsa-sig-formatter-1.0.11.tgz 560ms (cache miss)
2583 http fetch GET 200 https://registry.npmjs.org/mime-db/-/mime-db-1.52.0.tgz 565ms (cache miss)
2584 http fetch GET 200 https://registry.npmjs.org/yallist/-/yallist-4.0.0.tgz 565ms (cache miss)
2585 http fetch GET 200 https://registry.npmjs.org/prebuild-install/-/prebuild-install-7.1.3.tgz 566ms (cache miss)
2586 warn deprecated prebuild-install@7.1.3: No longer maintained. Please contact the author of the relevant native addon; alternatives are available.
2587 http fetch GET 200 https://registry.npmjs.org/node-addon-api/-/node-addon-api-4.3.0.tgz 567ms (cache miss)
2588 http fetch GET 200 https://registry.npmjs.org/@types/sarif/-/sarif-2.1.7.tgz 578ms (cache miss)
2589 http fetch GET 200 https://registry.npmjs.org/safe-buffer/-/safe-buffer-5.2.1.tgz 578ms (cache miss)
2590 http fetch GET 200 https://registry.npmjs.org/lodash.isstring/-/lodash.isstring-4.0.1.tgz 578ms (cache miss)
2591 http fetch GET 200 https://registry.npmjs.org/jwa/-/jwa-2.0.1.tgz 577ms (cache miss)
2592 http fetch GET 200 https://registry.npmjs.org/lodash.once/-/lodash.once-4.1.1.tgz 578ms (cache miss)
2593 http fetch GET 200 https://registry.npmjs.org/lodash.isplainobject/-/lodash.isplainobject-4.0.6.tgz 580ms (cache miss)
2594 http fetch GET 200 https://registry.npmjs.org/lodash.isnumber/-/lodash.isnumber-3.0.3.tgz 580ms (cache miss)
2595 http fetch GET 200 https://registry.npmjs.org/lodash.isinteger/-/lodash.isinteger-4.0.4.tgz 585ms (cache miss)
2596 http fetch GET 200 https://registry.npmjs.org/@secretlint/config-creator/-/config-creator-10.2.2.tgz 614ms (cache miss)
2597 http fetch GET 200 https://registry.npmjs.org/jws/-/jws-4.0.1.tgz 590ms (cache miss)
2598 http fetch GET 200 https://registry.npmjs.org/argparse/-/argparse-2.0.1.tgz 593ms (cache miss)
2599 http fetch GET 200 https://registry.npmjs.org/lodash.isboolean/-/lodash.isboolean-3.0.3.tgz 603ms (cache miss)
2600 http fetch GET 200 https://registry.npmjs.org/underscore/-/underscore-1.13.8.tgz 658ms (cache miss)
2601 http fetch GET 200 https://registry.npmjs.org/textextensions/-/textextensions-6.11.0.tgz 625ms (cache miss)
2602 http fetch GET 200 https://registry.npmjs.org/version-range/-/version-range-4.15.0.tgz 630ms (cache miss)
2603 http fetch GET 200 https://registry.npmjs.org/safer-buffer/-/safer-buffer-2.1.2.tgz 633ms (cache miss)
2604 http fetch GET 200 https://registry.npmjs.org/binaryextensions/-/binaryextensions-6.11.0.tgz 638ms (cache miss)
2605 http fetch GET 200 https://registry.npmjs.org/dunder-proto/-/dunder-proto-1.0.1.tgz 639ms (cache miss)
2606 http fetch GET 200 https://registry.npmjs.org/lru-cache/-/lru-cache-6.0.0.tgz 640ms (cache miss)
2607 http fetch GET 200 https://registry.npmjs.org/math-intrinsics/-/math-intrinsics-1.1.0.tgz 641ms (cache miss)
2608 http fetch GET 200 https://registry.npmjs.org/gopd/-/gopd-1.2.0.tgz 641ms (cache miss)
2609 http fetch GET 200 https://registry.npmjs.org/has-symbols/-/has-symbols-1.1.0.tgz 643ms (cache miss)
2610 http fetch GET 200 https://registry.npmjs.org/agent-base/-/agent-base-7.1.4.tgz 646ms (cache miss)
2611 http fetch GET 200 https://registry.npmjs.org/editions/-/editions-6.22.0.tgz 650ms (cache miss)
2612 http fetch GET 200 https://registry.npmjs.org/function-bind/-/function-bind-1.1.2.tgz 650ms (cache miss)
2613 http fetch GET 200 https://registry.npmjs.org/minipass/-/minipass-7.1.3.tgz 652ms (cache miss)
2614 http fetch GET 200 https://registry.npmjs.org/path-scurry/-/path-scurry-2.0.2.tgz 653ms (cache miss)
2615 http fetch GET 200 https://registry.npmjs.org/es-object-atoms/-/es-object-atoms-1.1.2.tgz 656ms (cache miss)
2616 http fetch GET 200 https://registry.npmjs.org/get-intrinsic/-/get-intrinsic-1.3.0.tgz 668ms (cache miss)
2617 http fetch GET 200 https://registry.npmjs.org/es-define-property/-/es-define-property-1.0.1.tgz 674ms (cache miss)
2618 http fetch GET 200 https://registry.npmjs.org/delayed-stream/-/delayed-stream-1.0.0.tgz 673ms (cache miss)
2619 http fetch GET 200 https://registry.npmjs.org/es-errors/-/es-errors-1.3.0.tgz 673ms (cache miss)
2620 http fetch GET 200 https://registry.npmjs.org/call-bind-apply-helpers/-/call-bind-apply-helpers-1.0.2.tgz 674ms (cache miss)
2621 http fetch GET 200 https://registry.npmjs.org/get-proto/-/get-proto-1.0.1.tgz 676ms (cache miss)
2622 http fetch GET 200 https://registry.npmjs.org/has-tostringtag/-/has-tostringtag-1.0.2.tgz 674ms (cache miss)
2623 http fetch GET 200 https://registry.npmjs.org/mime-types/-/mime-types-2.1.35.tgz 683ms (cache miss)
2624 http fetch GET 200 https://registry.npmjs.org/combined-stream/-/combined-stream-1.0.8.tgz 684ms (cache miss)
2625 http fetch GET 200 https://registry.npmjs.org/lodash.includes/-/lodash.includes-4.3.0.tgz 695ms (cache miss)
2626 http fetch GET 200 https://registry.npmjs.org/es-set-tostringtag/-/es-set-tostringtag-2.1.0.tgz 690ms (cache miss)
2627 http fetch GET 200 https://registry.npmjs.org/hasown/-/hasown-2.0.4.tgz 693ms (cache miss)
2628 http fetch GET 200 https://registry.npmjs.org/asynckit/-/asynckit-0.4.0.tgz 695ms (cache miss)
2629 http fetch GET 200 https://registry.npmjs.org/whatwg-encoding/-/whatwg-encoding-3.1.1.tgz 712ms (cache miss)
2630 warn deprecated whatwg-encoding@3.1.1: Use @exodus/bytes instead for a more spec-conformant and faster implementation
2631 http fetch GET 200 https://registry.npmjs.org/color-name/-/color-name-1.1.4.tgz 714ms (cache miss)
2632 http fetch GET 200 https://registry.npmjs.org/css-what/-/css-what-6.2.2.tgz 712ms (cache miss)
2633 http fetch GET 200 https://registry.npmjs.org/domelementtype/-/domelementtype-2.3.0.tgz 726ms (cache miss)
2634 http fetch GET 200 https://registry.npmjs.org/whatwg-mimetype/-/whatwg-mimetype-4.0.0.tgz 729ms (cache miss)
2635 http fetch GET 200 https://registry.npmjs.org/boolbase/-/boolbase-1.0.0.tgz 736ms (cache miss)
2636 http fetch GET 200 https://registry.npmjs.org/ms/-/ms-2.1.3.tgz 747ms (cache miss)
2637 http fetch GET 200 https://registry.npmjs.org/nth-check/-/nth-check-2.1.1.tgz 749ms (cache miss)
2638 http fetch GET 200 https://registry.npmjs.org/parse5-parser-stream/-/parse5-parser-stream-7.1.2.tgz 783ms (cache miss)
2639 http fetch GET 200 https://registry.npmjs.org/parse5-htmlparser2-tree-adapter/-/parse5-htmlparser2-tree-adapter-7.1.0.tgz 794ms (cache miss)
2640 http fetch GET 200 https://registry.npmjs.org/dom-serializer/-/dom-serializer-2.0.0.tgz 795ms (cache miss)
2641 http fetch GET 200 https://registry.npmjs.org/cheerio-select/-/cheerio-select-2.1.0.tgz 799ms (cache miss)
2642 http fetch GET 200 https://registry.npmjs.org/color-convert/-/color-convert-2.0.1.tgz 800ms (cache miss)
2643 http fetch GET 200 https://registry.npmjs.org/supports-color/-/supports-color-7.2.0.tgz 800ms (cache miss)
2644 http fetch GET 200 https://registry.npmjs.org/ansi-styles/-/ansi-styles-4.3.0.tgz 801ms (cache miss)
2645 http fetch GET 200 https://registry.npmjs.org/require-from-string/-/require-from-string-2.0.2.tgz 800ms (cache miss)
2646 http fetch GET 200 https://registry.npmjs.org/fast-deep-equal/-/fast-deep-equal-3.1.3.tgz 804ms (cache miss)
2647 http fetch GET 200 https://registry.npmjs.org/https-proxy-agent/-/https-proxy-agent-7.0.6.tgz 803ms (cache miss)
2648 http fetch GET 200 https://registry.npmjs.org/http-proxy-agent/-/http-proxy-agent-7.0.2.tgz 806ms (cache miss)
2649 http fetch GET 200 https://registry.npmjs.org/tunnel/-/tunnel-0.0.6.tgz 808ms (cache miss)
2650 http fetch GET 200 https://registry.npmjs.org/json-schema-traverse/-/json-schema-traverse-1.0.0.tgz 809ms (cache miss)
2651 http fetch GET 200 https://registry.npmjs.org/domhandler/-/domhandler-5.0.3.tgz 827ms (cache miss)
2652 http fetch GET 200 https://registry.npmjs.org/string-width/-/string-width-4.2.3.tgz 852ms (cache miss)
2653 http fetch GET 200 https://registry.npmjs.org/terminal-link/-/terminal-link-4.0.0.tgz 851ms (cache miss)
2654 http fetch GET 200 https://registry.npmjs.org/strip-ansi/-/strip-ansi-7.2.0.tgz 852ms (cache miss)
2655 http fetch GET 200 https://registry.npmjs.org/encoding-sniffer/-/encoding-sniffer-0.2.1.tgz 862ms (cache miss)
2656 http fetch GET 200 https://registry.npmjs.org/iconv-lite/-/iconv-lite-0.6.3.tgz 874ms (cache miss)
2657 http fetch GET 200 https://registry.npmjs.org/text-table/-/text-table-0.2.0.tgz 863ms (cache miss)
2658 http fetch GET 200 https://registry.npmjs.org/fast-uri/-/fast-uri-3.1.3.tgz 867ms (cache miss)
2659 http fetch GET 200 https://registry.npmjs.org/istextorbinary/-/istextorbinary-9.5.0.tgz 865ms (cache miss)
2660 http fetch GET 200 https://registry.npmjs.org/node-sarif-builder/-/node-sarif-builder-3.4.0.tgz 876ms (cache miss)
2661 http fetch GET 200 https://registry.npmjs.org/pluralize/-/pluralize-8.0.0.tgz 880ms (cache miss)
2662 http fetch GET 200 https://registry.npmjs.org/rc-config-loader/-/rc-config-loader-4.1.4.tgz 884ms (cache miss)
2663 http fetch GET 200 https://registry.npmjs.org/structured-source/-/structured-source-4.0.0.tgz 888ms (cache miss)
2664 http fetch GET 200 https://registry.npmjs.org/p-map/-/p-map-7.0.5.tgz 890ms (cache miss)
2665 http fetch GET 200 https://registry.npmjs.org/htmlparser2/-/htmlparser2-10.1.0.tgz 903ms (cache miss)
2666 http fetch GET 200 https://registry.npmjs.org/domutils/-/domutils-3.2.2.tgz 920ms (cache miss)
2667 http fetch GET 200 https://registry.npmjs.org/js-yaml/-/js-yaml-4.3.0.tgz 917ms (cache miss)
2668 http fetch GET 200 https://registry.npmjs.org/debug/-/debug-4.4.3.tgz 913ms (cache miss)
2669 http fetch GET 200 https://registry.npmjs.org/entities/-/entities-4.5.0.tgz 950ms (cache miss)
2670 http fetch GET 200 https://registry.npmjs.org/parse5/-/parse5-7.3.0.tgz 961ms (cache miss)
2671 http fetch GET 200 https://registry.npmjs.org/css-select/-/css-select-5.2.2.tgz 990ms (cache miss)
2672 http fetch GET 200 https://registry.npmjs.org/table/-/table-6.9.0.tgz 995ms (cache miss)
2673 http fetch GET 200 https://registry.npmjs.org/@textlint/resolver/-/resolver-15.7.1.tgz 1004ms (cache miss)
2674 http fetch GET 200 https://registry.npmjs.org/@azu/format-text/-/format-text-1.0.2.tgz 1004ms (cache miss)
2675 http fetch GET 200 https://registry.npmjs.org/@textlint/ast-node-types/-/ast-node-types-15.7.1.tgz 1028ms (cache miss)
2676 http fetch GET 200 https://registry.npmjs.org/@azu/style-format/-/style-format-1.0.1.tgz 1031ms (cache miss)
2677 http fetch GET 200 https://registry.npmjs.org/@esbuild/linux-x64/-/linux-x64-0.28.1.tgz 1055ms (cache miss)
2678 http fetch GET 200 https://registry.npmjs.org/jsonwebtoken/-/jsonwebtoken-9.0.3.tgz 1047ms (cache miss)
2679 http fetch GET 200 https://registry.npmjs.org/@secretlint/resolver/-/resolver-10.2.2.tgz 1063ms (cache miss)
2680 http fetch GET 200 https://registry.npmjs.org/@textlint/module-interop/-/module-interop-15.7.1.tgz 1089ms (cache miss)
2681 http fetch GET 200 https://registry.npmjs.org/tslib/-/tslib-2.8.1.tgz 1088ms (cache miss)
2682 http fetch GET 200 https://registry.npmjs.org/@secretlint/types/-/types-10.2.2.tgz 1110ms (cache miss)
2683 http fetch GET 200 https://registry.npmjs.org/open/-/open-10.2.0.tgz 1109ms (cache miss)
2684 http fetch GET 200 https://registry.npmjs.org/undici/-/undici-7.28.0.tgz 1137ms (cache miss)
2685 http fetch GET 200 https://registry.npmjs.org/@secretlint/source-creator/-/source-creator-10.2.2.tgz 1144ms (cache miss)
2686 http fetch GET 200 https://registry.npmjs.org/@secretlint/formatter/-/formatter-10.2.2.tgz 1145ms (cache miss)
2687 http fetch GET 200 https://registry.npmjs.org/@azure/logger/-/logger-1.3.0.tgz 1148ms (cache miss)
2688 http fetch GET 200 https://registry.npmjs.org/@secretlint/profiler/-/profiler-10.2.2.tgz 1164ms (cache miss)
2689 http fetch GET 200 https://registry.npmjs.org/yauzl/-/yauzl-3.4.0.tgz 1179ms (cache miss)
2690 http fetch GET 200 https://registry.npmjs.org/xml2js/-/xml2js-0.5.0.tgz 1181ms (cache miss)
2691 http fetch GET 200 https://registry.npmjs.org/yazl/-/yazl-2.5.1.tgz 1184ms (cache miss)
2692 http fetch GET 200 https://registry.npmjs.org/url-join/-/url-join-4.0.1.tgz 1204ms (cache miss)
2693 http fetch GET 200 https://registry.npmjs.org/tmp/-/tmp-0.2.7.tgz 1207ms (cache miss)
2694 http fetch GET 200 https://registry.npmjs.org/@azure/abort-controller/-/abort-controller-2.1.2.tgz 1216ms (cache miss)
2695 http fetch GET 200 https://registry.npmjs.org/read/-/read-1.0.7.tgz 1221ms (cache miss)
2696 http fetch GET 200 https://registry.npmjs.org/@secretlint/config-loader/-/config-loader-10.2.2.tgz 1229ms (cache miss)
2697 http fetch GET 200 https://registry.npmjs.org/mime/-/mime-1.6.0.tgz 1229ms (cache miss)
2698 http fetch GET 200 https://registry.npmjs.org/secretlint/-/secretlint-10.2.2.tgz 1233ms (cache miss)
2699 http fetch GET 200 https://registry.npmjs.org/typed-rest-client/-/typed-rest-client-1.8.11.tgz 1239ms (cache miss)
2700 http fetch GET 200 https://registry.npmjs.org/parse-semver/-/parse-semver-1.1.1.tgz 1243ms (cache miss)
2701 http fetch GET 200 https://registry.npmjs.org/keytar/-/keytar-7.9.0.tgz 1255ms (cache miss)
2702 http fetch GET 200 https://registry.npmjs.org/@textlint/linter-formatter/-/linter-formatter-15.7.1.tgz 1279ms (cache miss)
2703 http fetch GET 200 https://registry.npmjs.org/form-data/-/form-data-4.0.6.tgz 1269ms (cache miss)
2704 http fetch GET 200 https://registry.npmjs.org/leven/-/leven-3.1.0.tgz 1278ms (cache miss)
2705 http fetch GET 200 https://registry.npmjs.org/hosted-git-info/-/hosted-git-info-4.1.0.tgz 1278ms (cache miss)
2706 http fetch GET 200 https://registry.npmjs.org/semver/-/semver-7.8.5.tgz 1286ms (cache miss)
2707 http fetch GET 200 https://registry.npmjs.org/chalk/-/chalk-4.1.2.tgz 1290ms (cache miss)
2708 http fetch GET 200 https://registry.npmjs.org/jsonc-parser/-/jsonc-parser-3.3.1.tgz 1303ms (cache miss)
2709 http fetch GET 200 https://registry.npmjs.org/@secretlint/core/-/core-10.2.2.tgz 1332ms (cache miss)
2710 http fetch GET 200 https://registry.npmjs.org/commander/-/commander-12.1.0.tgz 1324ms (cache miss)
2711 http fetch GET 200 https://registry.npmjs.org/w3c-keyname/-/w3c-keyname-2.2.8.tgz 1341ms (cache miss)
2712 http fetch GET 200 https://registry.npmjs.org/style-mod/-/style-mod-4.1.3.tgz 1355ms (cache miss)
2713 http fetch GET 200 https://registry.npmjs.org/crelt/-/crelt-1.0.7.tgz 1359ms (cache miss)
2714 http fetch GET 200 https://registry.npmjs.org/esbuild/-/esbuild-0.28.1.tgz 1362ms (cache miss)
2715 http fetch GET 200 https://registry.npmjs.org/minimatch/-/minimatch-10.2.5.tgz 1386ms (cache miss)
2716 http fetch GET 200 https://registry.npmjs.org/@textlint/types/-/types-15.7.1.tgz 1398ms (cache miss)
2717 http fetch GET 200 https://registry.npmjs.org/@lezer/lr/-/lr-1.4.10.tgz 1381ms (cache miss)
2718 http fetch GET 200 https://registry.npmjs.org/@azure/core-tracing/-/core-tracing-1.3.1.tgz 1401ms (cache miss)
2719 http fetch GET 200 https://registry.npmjs.org/@lezer/highlight/-/highlight-1.2.3.tgz 1400ms (cache miss)
2720 http fetch GET 200 https://registry.npmjs.org/@lezer/common/-/common-1.5.2.tgz 1438ms (cache miss)
2721 http fetch GET 200 https://registry.npmjs.org/@vscode/vsce/-/vsce-3.9.2.tgz 1457ms (cache miss)
2722 http fetch GET 200 https://registry.npmjs.org/@vscode/vsce-sign/-/vsce-sign-2.0.9.tgz 1484ms (cache miss)
2723 http fetch GET 200 https://registry.npmjs.org/hosted-git-info/-/hosted-git-info-7.0.2.tgz 1475ms (cache miss)
2724 http fetch GET 200 https://registry.npmjs.org/@lezer/markdown/-/markdown-1.6.4.tgz 1491ms (cache miss)
2725 http fetch GET 200 https://registry.npmjs.org/@azure/core-auth/-/core-auth-1.10.1.tgz 1503ms (cache miss)
2726 http fetch GET 200 https://registry.npmjs.org/unicorn-magic/-/unicorn-magic-0.1.0.tgz 1489ms (cache miss)
2727 http fetch GET 200 https://registry.npmjs.org/markdown-it/-/markdown-it-14.3.0.tgz 1537ms (cache miss)
2728 http fetch GET 200 https://registry.npmjs.org/@secretlint/node/-/node-10.2.2.tgz 1535ms (cache miss)
2729 http fetch GET 200 https://registry.npmjs.org/@secretlint/secretlint-formatter-sarif/-/secretlint-formatter-sarif-10.2.2.tgz 1536ms (cache miss)
2730 http fetch GET 200 https://registry.npmjs.org/@secretlint/secretlint-rule-no-dotenv/-/secretlint-rule-no-dotenv-10.2.2.tgz 1547ms (cache miss)
2731 http fetch GET 200 https://registry.npmjs.org/strip-ansi/-/strip-ansi-6.0.1.tgz 1537ms (cache miss)
2732 http fetch GET 200 https://registry.npmjs.org/ansi-regex/-/ansi-regex-5.0.1.tgz 1547ms (cache miss)
2733 http fetch GET 200 https://registry.npmjs.org/ansi-regex/-/ansi-regex-5.0.1.tgz 1560ms (cache miss)
2734 http fetch GET 200 https://registry.npmjs.org/ansi-regex/-/ansi-regex-5.0.1.tgz 1560ms (cache miss)
2735 http fetch GET 200 https://registry.npmjs.org/strip-ansi/-/strip-ansi-6.0.1.tgz 1574ms (cache miss)
2736 http fetch GET 200 https://registry.npmjs.org/pluralize/-/pluralize-2.0.0.tgz 1575ms (cache miss)
2737 http fetch GET 200 https://registry.npmjs.org/glob/-/glob-13.0.6.tgz 1592ms (cache miss)
2738 http fetch GET 200 https://registry.npmjs.org/lru-cache/-/lru-cache-10.4.3.tgz 1583ms (cache miss)
2739 http fetch GET 200 https://registry.npmjs.org/@marijn/find-cluster-break/-/find-cluster-break-1.0.3.tgz 1595ms (cache miss)
2740 http fetch GET 200 https://registry.npmjs.org/@vscode/vsce-sign-linux-x64/-/vsce-sign-linux-x64-2.0.6.tgz 1616ms (cache miss)
2741 http fetch GET 200 https://registry.npmjs.org/@types/vscode/-/vscode-1.125.0.tgz 1606ms (cache miss)
2742 http fetch GET 200 https://registry.npmjs.org/semver/-/semver-5.7.2.tgz 1602ms (cache miss)
2743 http fetch GET 200 https://registry.npmjs.org/@codemirror/state/-/state-6.7.0.tgz 1614ms (cache miss)
2744 http fetch GET 200 https://registry.npmjs.org/strip-ansi/-/strip-ansi-6.0.1.tgz 1608ms (cache miss)
2745 http fetch GET 200 https://registry.npmjs.org/@azure/core-util/-/core-util-1.13.1.tgz 1632ms (cache miss)
2746 http fetch GET 200 https://registry.npmjs.org/@codemirror/search/-/search-6.7.1.tgz 1621ms (cache miss)
2747 http fetch GET 200 https://registry.npmjs.org/@codemirror/language/-/language-6.12.4.tgz 1624ms (cache miss)
2748 http fetch GET 200 https://registry.npmjs.org/chalk/-/chalk-5.6.2.tgz 1626ms (cache miss)
2749 http fetch GET 200 https://registry.npmjs.org/@codemirror/commands/-/commands-6.10.4.tgz 1636ms (cache miss)
2750 http fetch GET 200 https://registry.npmjs.org/lodash/-/lodash-4.18.1.tgz 1669ms (cache miss)
2751 http fetch GET 200 https://registry.npmjs.org/@codemirror/view/-/view-6.43.4.tgz 1649ms (cache miss)
2752 http fetch GET 200 https://registry.npmjs.org/@secretlint/secretlint-rule-preset-recommend/-/secretlint-rule-preset-recommend-10.2.2.tgz 1662ms (cache miss)
2753 http fetch GET 200 https://registry.npmjs.org/azure-devops-node-api/-/azure-devops-node-api-12.5.0.tgz 1729ms (cache miss)
2754 http fetch GET 200 https://registry.npmjs.org/entities/-/entities-6.0.1.tgz 1744ms (cache miss)
2755 http fetch GET 200 https://registry.npmjs.org/cockatiel/-/cockatiel-3.2.1.tgz 1830ms (cache miss)
2756 http fetch GET 200 https://registry.npmjs.org/entities/-/entities-7.0.1.tgz 1826ms (cache miss)
2757 http fetch GET 200 https://registry.npmjs.org/lru-cache/-/lru-cache-11.5.1.tgz 1845ms (cache miss)
2758 http fetch GET 200 https://registry.npmjs.org/@azure/core-client/-/core-client-1.10.2.tgz 1908ms (cache miss)
2759 http fetch GET 200 https://registry.npmjs.org/cheerio/-/cheerio-1.2.0.tgz 1917ms (cache miss)
2760 http fetch GET 200 https://registry.npmjs.org/ajv/-/ajv-8.20.0.tgz 1970ms (cache miss)
2761 http fetch GET 200 https://registry.npmjs.org/@azure/msal-node/-/msal-node-5.3.1.tgz 2007ms (cache miss)
2762 http fetch GET 200 https://registry.npmjs.org/@azure/core-rest-pipeline/-/core-rest-pipeline-1.24.0.tgz 2108ms (cache miss)
2763 http fetch GET 200 https://registry.npmjs.org/@azure/msal-common/-/msal-common-16.11.0.tgz 2114ms (cache miss)
2764 http fetch GET 200 https://registry.npmjs.org/@typespec/ts-http-runtime/-/ts-http-runtime-0.3.6.tgz 2249ms (cache miss)
2765 http fetch GET 200 https://registry.npmjs.org/@azure/identity/-/identity-4.13.1.tgz 2328ms (cache miss)
2766 http fetch GET 200 https://registry.npmjs.org/@azure/msal-browser/-/msal-browser-5.16.0.tgz 2343ms (cache miss)
2767 info run keytar@7.9.0 install node_modules/keytar prebuild-install || npm run build
2768 info run keytar@7.9.0 install { code: 0, signal: null }
2769 info run @vscode/vsce-sign@2.0.9 postinstall node_modules/@vscode/vsce-sign node ./src/postinstall.js
2770 info run esbuild@0.28.1 postinstall node_modules/esbuild node install.js
2771 info run @vscode/vsce-sign@2.0.9 postinstall { code: 0, signal: null }
2772 info run esbuild@0.28.1 postinstall { code: 0, signal: null }
2773 silly ADD node_modules/buffer-crc32
2774 silly ADD node_modules/pend
2775 silly ADD node_modules/xmlbuilder
2776 silly ADD node_modules/sax
2777 silly ADD node_modules/is-wsl
2778 silly ADD node_modules/spdx-exceptions
2779 silly ADD node_modules/spdx-license-ids
2780 silly ADD node_modules/spdx-expression-parse
2781 silly ADD node_modules/spdx-correct
2782 silly ADD node_modules/call-bound
2783 silly ADD node_modules/side-channel-weakmap
2784 silly ADD node_modules/side-channel-map
2785 silly ADD node_modules/side-channel-list
2786 silly ADD node_modules/object-inspect
2787 silly ADD node_modules/side-channel
2788 silly ADD node_modules/underscore
2789 silly ADD node_modules/qs
2790 silly ADD node_modules/is-number
2791 silly ADD node_modules/environment
2792 silly ADD node_modules/supports-hyperlinks
2793 silly ADD node_modules/ansi-escapes
2794 silly ADD node_modules/util-deprecate
2795 silly ADD node_modules/string_decoder
2796 silly ADD node_modules/ieee754
2797 silly ADD node_modules/base64-js
2798 silly ADD node_modules/buffer
2799 silly ADD node_modules/readable-stream
2800 silly ADD node_modules/inherits
2801 silly ADD node_modules/fs-constants
2802 silly ADD node_modules/bl
2803 silly ADD node_modules/tar-stream
2804 silly ADD node_modules/chownr
2805 silly ADD node_modules/astral-regex
2806 silly ADD node_modules/slice-ansi
2807 silly ADD node_modules/lodash.truncate
2808 silly ADD node_modules/has-flag
2809 silly ADD node_modules/boundary
2810 silly ADD node_modules/ansi-regex
2811 silly ADD node_modules/is-fullwidth-code-point
2812 silly ADD node_modules/emoji-regex
2813 silly ADD node_modules/mimic-response
2814 silly ADD node_modules/simple-concat
2815 silly ADD node_modules/decompress-response
2816 silly ADD node_modules/queue-microtask
2817 silly ADD node_modules/picocolors
2818 silly ADD node_modules/js-tokens
2819 silly ADD node_modules/@babel/helper-validator-identifier
2820 silly ADD node_modules/index-to-position
2821 silly ADD node_modules/@babel/code-frame
2822 silly ADD node_modules/validate-npm-package-license
2823 silly ADD node_modules/type-fest
2824 silly ADD node_modules/parse-json
2825 silly ADD node_modules/normalize-package-data
2826 silly ADD node_modules/normalize-package-data/node_modules/lru-cache
2827 silly ADD node_modules/normalize-package-data/node_modules/hosted-git-info
2828 silly ADD node_modules/@types/normalize-package-data
2829 silly ADD node_modules/to-regex-range
2830 silly ADD node_modules/fill-range
2831 silly ADD node_modules/picomatch
2832 silly ADD node_modules/braces
2833 silly ADD node_modules/is-extglob
2834 silly ADD node_modules/is-glob
2835 silly ADD node_modules/reusify
2836 silly ADD node_modules/run-parallel
2837 silly ADD node_modules/fastq
2838 silly ADD node_modules/@nodelib/fs.scandir
2839 silly ADD node_modules/micromatch
2840 silly ADD node_modules/merge2
2841 silly ADD node_modules/glob-parent
2842 silly ADD node_modules/@nodelib/fs.walk
2843 silly ADD node_modules/@nodelib/fs.stat
2844 silly ADD node_modules/unicorn-magic
2845 silly ADD node_modules/slash
2846 silly ADD node_modules/path-type
2847 silly ADD node_modules/ignore
2848 silly ADD node_modules/fast-glob
2849 silly ADD node_modules/@sindresorhus/merge-streams
2850 silly ADD node_modules/read-pkg
2851 silly ADD node_modules/read-pkg/node_modules/unicorn-magic
2852 silly ADD node_modules/globby
2853 silly ADD node_modules/@secretlint/config-creator
2854 silly ADD node_modules/mute-stream
2855 silly ADD node_modules/json5
2856 silly ADD node_modules/strip-json-comments
2857 silly ADD node_modules/ini
2858 silly ADD node_modules/deep-extend
2859 silly ADD node_modules/wrappy
2860 silly ADD node_modules/once
2861 silly ADD node_modules/end-of-stream
2862 silly ADD node_modules/tunnel-agent
2863 silly ADD node_modules/tar-fs
2864 silly ADD node_modules/simple-get
2865 silly ADD node_modules/rc
2866 silly ADD node_modules/pump
2867 silly ADD node_modules/node-abi
2868 silly ADD node_modules/napi-build-utils
2869 silly ADD node_modules/mkdirp-classic
2870 silly ADD node_modules/minimist
2871 silly ADD node_modules/github-from-package
2872 silly ADD node_modules/expand-template
2873 silly ADD node_modules/detect-libc
2874 silly ADD node_modules/is-docker
2875 silly ADD node_modules/run-applescript
2876 silly ADD node_modules/default-browser-id
2877 silly ADD node_modules/bundle-name
2878 silly ADD node_modules/wsl-utils
2879 silly ADD node_modules/is-inside-container
2880 silly ADD node_modules/define-lazy-prop
2881 silly ADD node_modules/default-browser
2882 silly ADD node_modules/universalify
2883 silly ADD node_modules/jsonfile
2884 silly ADD node_modules/graceful-fs
2885 silly ADD node_modules/fs-extra
2886 silly ADD node_modules/@types/sarif
2887 silly ADD node_modules/balanced-match
2888 silly ADD node_modules/brace-expansion
2889 silly ADD node_modules/mime-db
2890 silly ADD node_modules/uc.micro
2891 silly ADD node_modules/punycode.js
2892 silly ADD node_modules/mdurl
2893 silly ADD node_modules/linkify-it
2894 silly ADD node_modules/yallist
2895 silly ADD node_modules/prebuild-install
2896 silly ADD node_modules/node-addon-api
2897 silly ADD node_modules/ecdsa-sig-formatter
2898 silly ADD node_modules/buffer-equal-constant-time
2899 silly ADD node_modules/safe-buffer
2900 silly ADD node_modules/jwa
2901 silly ADD node_modules/lodash.once
2902 silly ADD node_modules/lodash.isstring
2903 silly ADD node_modules/lodash.isplainobject
2904 silly ADD node_modules/lodash.isnumber
2905 silly ADD node_modules/lodash.isinteger
2906 silly ADD node_modules/lodash.isboolean
2907 silly ADD node_modules/lodash.includes
2908 silly ADD node_modules/jws
2909 silly ADD node_modules/argparse
2910 silly ADD node_modules/version-range
2911 silly ADD node_modules/textextensions
2912 silly ADD node_modules/editions
2913 silly ADD node_modules/binaryextensions
2914 silly ADD node_modules/safer-buffer
2915 silly ADD node_modules/agent-base
2916 silly ADD node_modules/lru-cache
2917 silly ADD node_modules/path-scurry
2918 silly ADD node_modules/path-scurry/node_modules/lru-cache
2919 silly ADD node_modules/minipass
2920 silly ADD node_modules/dunder-proto
2921 silly ADD node_modules/math-intrinsics
2922 silly ADD node_modules/has-symbols
2923 silly ADD node_modules/gopd
2924 silly ADD node_modules/get-proto
2925 silly ADD node_modules/function-bind
2926 silly ADD node_modules/es-object-atoms
2927 silly ADD node_modules/es-define-property
2928 silly ADD node_modules/call-bind-apply-helpers
2929 silly ADD node_modules/has-tostringtag
2930 silly ADD node_modules/get-intrinsic
2931 silly ADD node_modules/es-errors
2932 silly ADD node_modules/delayed-stream
2933 silly ADD node_modules/mime-types
2934 silly ADD node_modules/hasown
2935 silly ADD node_modules/es-set-tostringtag
2936 silly ADD node_modules/combined-stream
2937 silly ADD node_modules/asynckit
2938 silly ADD node_modules/@esbuild/linux-x64
2939 silly ADD node_modules/whatwg-encoding
2940 silly ADD node_modules/iconv-lite
2941 silly ADD node_modules/entities
2942 silly ADD node_modules/ms
2943 silly ADD node_modules/nth-check
2944 silly ADD node_modules/color-name
2945 silly ADD node_modules/domelementtype
2946 silly ADD node_modules/css-what
2947 silly ADD node_modules/css-select
2948 silly ADD node_modules/boolbase
2949 silly ADD node_modules/whatwg-mimetype
2950 silly ADD node_modules/undici
2951 silly ADD node_modules/parse5-parser-stream
2952 silly ADD node_modules/parse5-htmlparser2-tree-adapter
2953 silly ADD node_modules/parse5
2954 silly ADD node_modules/parse5/node_modules/entities
2955 silly ADD node_modules/htmlparser2
2956 silly ADD node_modules/htmlparser2/node_modules/entities
2957 silly ADD node_modules/encoding-sniffer
2958 silly ADD node_modules/domutils
2959 silly ADD node_modules/domhandler
2960 silly ADD node_modules/dom-serializer
2961 silly ADD node_modules/cheerio-select
2962 silly ADD node_modules/color-convert
2963 silly ADD node_modules/supports-color
2964 silly ADD node_modules/ansi-styles
2965 silly ADD node_modules/tunnel
2966 silly ADD node_modules/require-from-string
2967 silly ADD node_modules/json-schema-traverse
2968 silly ADD node_modules/fast-uri
2969 silly ADD node_modules/fast-deep-equal
2970 silly ADD node_modules/@vscode/vsce-sign-linux-x64
2971 silly ADD node_modules/https-proxy-agent
2972 silly ADD node_modules/http-proxy-agent
2973 silly ADD node_modules/@textlint/ast-node-types
2974 silly ADD node_modules/text-table
2975 silly ADD node_modules/string-width
2976 silly ADD node_modules/string-width/node_modules/ansi-regex
2977 silly ADD node_modules/string-width/node_modules/strip-ansi
2978 silly ADD node_modules/lodash
2979 silly ADD node_modules/js-yaml
2980 silly ADD node_modules/@textlint/resolver
2981 silly ADD node_modules/@azu/style-format
2982 silly ADD node_modules/@azu/format-text
2983 silly ADD node_modules/istextorbinary
2984 silly ADD node_modules/node-sarif-builder
2985 silly ADD node_modules/terminal-link
2986 silly ADD node_modules/table
2987 silly ADD node_modules/table/node_modules/ansi-regex
2988 silly ADD node_modules/table/node_modules/strip-ansi
2989 silly ADD node_modules/strip-ansi
2990 silly ADD node_modules/pluralize
2991 silly ADD node_modules/@textlint/types
2992 silly ADD node_modules/@textlint/module-interop
2993 silly ADD node_modules/@textlint/linter-formatter
2994 silly ADD node_modules/@textlint/linter-formatter/node_modules/ansi-regex
2995 silly ADD node_modules/@textlint/linter-formatter/node_modules/strip-ansi
2996 silly ADD node_modules/@textlint/linter-formatter/node_modules/pluralize
2997 silly ADD node_modules/structured-source
2998 silly ADD node_modules/rc-config-loader
2999 silly ADD node_modules/ajv
3000 silly ADD node_modules/@secretlint/resolver
3001 silly ADD node_modules/p-map
3002 silly ADD node_modules/debug
3003 silly ADD node_modules/@secretlint/types
3004 silly ADD node_modules/@secretlint/source-creator
3005 silly ADD node_modules/@secretlint/profiler
3006 silly ADD node_modules/@secretlint/formatter
3007 silly ADD node_modules/@secretlint/formatter/node_modules/chalk
3008 silly ADD node_modules/@secretlint/core
3009 silly ADD node_modules/@secretlint/config-loader
3010 silly ADD node_modules/jsonwebtoken
3011 silly ADD node_modules/@azure/msal-common
3012 silly ADD node_modules/@typespec/ts-http-runtime
3013 silly ADD node_modules/tslib
3014 silly ADD node_modules/open
3015 silly ADD node_modules/@azure/msal-node
3016 silly ADD node_modules/@azure/msal-browser
3017 silly ADD node_modules/@azure/logger
3018 silly ADD node_modules/@azure/core-util
3019 silly ADD node_modules/@azure/core-tracing
3020 silly ADD node_modules/@azure/core-rest-pipeline
3021 silly ADD node_modules/@azure/core-client
3022 silly ADD node_modules/@azure/core-auth
3023 silly ADD node_modules/@azure/abort-controller
3024 silly ADD node_modules/yazl
3025 silly ADD node_modules/yauzl
3026 silly ADD node_modules/xml2js
3027 silly ADD node_modules/url-join
3028 silly ADD node_modules/typed-rest-client
3029 silly ADD node_modules/tmp
3030 silly ADD node_modules/semver
3031 silly ADD node_modules/secretlint
3032 silly ADD node_modules/read
3033 silly ADD node_modules/parse-semver
3034 silly ADD node_modules/parse-semver/node_modules/semver
3035 silly ADD node_modules/minimatch
3036 silly ADD node_modules/mime
3037 silly ADD node_modules/markdown-it
3038 silly ADD node_modules/leven
3039 silly ADD node_modules/keytar
3040 silly ADD node_modules/jsonc-parser
3041 silly ADD node_modules/hosted-git-info
3042 silly ADD node_modules/glob
3043 silly ADD node_modules/form-data
3044 silly ADD node_modules/commander
3045 silly ADD node_modules/cockatiel
3046 silly ADD node_modules/cheerio
3047 silly ADD node_modules/chalk
3048 silly ADD node_modules/azure-devops-node-api
3049 silly ADD node_modules/@vscode/vsce-sign
3050 silly ADD node_modules/@secretlint/secretlint-rule-preset-recommend
3051 silly ADD node_modules/@secretlint/secretlint-rule-no-dotenv
3052 silly ADD node_modules/@secretlint/secretlint-formatter-sarif
3053 silly ADD node_modules/@secretlint/node
3054 silly ADD node_modules/@azure/identity
3055 silly ADD node_modules/w3c-keyname
3056 silly ADD node_modules/@marijn/find-cluster-break
3057 silly ADD node_modules/crelt
3058 silly ADD node_modules/style-mod
3059 silly ADD node_modules/@lezer/lr
3060 silly ADD node_modules/esbuild
3061 silly ADD node_modules/@vscode/vsce
3062 silly ADD node_modules/@types/vscode
3063 silly ADD node_modules/@lezer/markdown
3064 silly ADD node_modules/@lezer/highlight
3065 silly ADD node_modules/@lezer/common
3066 silly ADD node_modules/@codemirror/view
3067 silly ADD node_modules/@codemirror/state
3068 silly ADD node_modules/@codemirror/search
3069 silly ADD node_modules/@codemirror/language
3070 silly ADD node_modules/@codemirror/commands
3071 verbose cwd /home/dev/aic-notes
3072 verbose os Linux 6.6.119-09283-g9c138e0af8c3
3073 verbose node v24.16.0
3074 verbose npm  v11.13.0
3075 notice
3075 notice New minor version of npm available! 11.13.0 -> 11.18.0
3075 notice Changelog: https://github.com/npm/cli/releases/tag/v11.18.0
3075 notice To update run: npm install -g npm@11.18.0
3075 notice  { force: true, Symbol(proc-log.meta): true }
3076 verbose exit 0
3077 info ok
